Workbook

Sheet 01.06
A1: Matricula | B1: Nome docente | C1: Data de Admissão | D1: CH total de contrato | E1: Horas a alocar | F1: Campus | G1: Curso | H1: Gera agenda | I1: Status 01/06 | J1: Status 02/06 | K1: Status 03/06 | L1: Status 04/06 | M1: Status 05/06 | N1: Resultado Agenda | O1: Resultado TACH
A2: 8306 | B2: ADALBERTO CARAMORI PETRY | C2: 02/05/2001 | D2: 2 | E2: 2 | F2: CAMPUS CURITIBA | G2: 4093 - DIREITO - ADM - CTBA (GRADUAÇÃO PRESENCIAL) | H2: SIM | I2: NÃO CRIADO | J2: NÃO CRIADO | K2: NÃO CRIADO | L2: FERIADO | M2: FERIADO | N2: =IF(AND(H2="SIM",E2>0),"Pendência de Agenda",IF(AND(H2="NÃO",E2=0),"Sem Pendência",IF(AND(H2="Sim",E2=0),"Sem Pendência",""))) -> Pendência de Agenda | O2: =IF(AND(D2>0,J2="Finalizado"),"Pendência de TACH",IF(AND(D2>0,J2="Não Criado"),"Pendência de TACH",IF(AND(D2>0,J2="Rascunho"),"Pendência de TACH",IF(AND(D2>0,J2="NECESSÁRIO AJUSTAR"),"Pendência de TACH",IF(AND(D2>0,J2="Aguardando Aprovação"),"Sem Pendência de TACH",IF(AND(D2>0,J2="Aprovado"),"Sem Pendência de TACH",IF(AND(D2>0,K2="Finalizado"),"Pendência de TACH",IF(AND(D2>0,K2="Não Criado"),"Pendência de TACH",IF(AND(D2>0,K2="Rascunho"),"Pendência de TACH",IF(AND(D2>0,K2="NECESSÁRIO AJUSTAR"),"Pendência de TACH",IF(AND(D2>0,K2="Aguardando Aprovação"),"Sem Pendência de TACH",IF(AND(D2>0,K2="Aprovado"),"Sem Pendência de TACH",IF(AND(D2>0,K2="Finalizado"),"Pendência de TACH",IF(AND(D2>0,K2="Não Criado"),"Pendência de TACH",IF(AND(D2>0,K2="Rascunho"),"Pendência de TACH"))))))))))))))) -> Pendência de TACH
A3: 90013836 | B3: ANA LUIZA CHALUSNHAK | C3: 23/02/2026 | D3: 2 | E3: 2 | F3: CAMPUS CURITIBA | G3: 4093 - DIREITO - ADM - CTBA (GRADUAÇÃO PRESENCIAL) | H3: SIM | I3: FINALIZADO | J3: FINALIZADO | K3: FINALIZADO | L3: FERIADO | M3: FERIADO | N3: =IF(AND(H3="SIM",E3>0),"Pendência de Agenda",IF(AND(H3="NÃO",E3=0),"Sem Pendência",IF(AND(H3="Sim",E3=0),"Sem Pendência",""))) -> Pendência de Agenda | O3: =IF(AND(D3>0,J3="Finalizado"),"Pendência de TACH",IF(AND(D3>0,J3="Não Criado"),"Pendência de TACH",IF(AND(D3>0,J3="Rascunho"),"Pendência de TACH",IF(AND(D3>0,J3="NECESSÁRIO AJUSTAR"),"Pendência de TACH",IF(AND(D3>0,J3="Aguardando Aprovação"),"Sem Pendência de TACH",IF(AND(D3>0,J3="Aprovado"),"Sem Pendência de TACH",IF(AND(D3>0,K3="Finalizado"),"Pendência de TACH",IF(AND(D3>0,K3="Não Criado"),"Pendência de TACH",IF(AND(D3>0,K3="Rascunho"),"Pendência de TACH",IF(AND(D3>0,K3="NECESSÁRIO AJUSTAR"),"Pendência de TACH",IF(AND(D3>0,K3="Aguardando Aprovação"),"Sem Pendência de TACH",IF(AND(D3>0,K3="Aprovado"),"Sem Pendência de TACH",IF(AND(D3>0,K3="Finalizado"),"Pendência de TACH",IF(AND(D3>0,K3="Não Criado"),"Pendência de TACH",IF(AND(D3>0,K3="Rascunho"),"Pendência de TACH"))))))))))))))) -> Pendência de TACH
A4: 90009703 | B4: ANDERSON NITSCHE | C4: 01/03/2023 | D4: 18 | E4: 18 | F4: CAMPUS CURITIBA | G4: 3541 - MEDICINA - ADM - CTBA (GRADUAÇÃO PRESENCIAL) | H4: SIM | I4: RASCUNHO | J4: RASCUNHO | K4: RASCUNHO | L4: FERIADO | M4: FERIADO | N4: =IF(AND(H4="SIM",E4>0),"Pendência de Agenda",IF(AND(H4="NÃO",E4=0),"Sem Pendência",IF(AND(H4="Sim",E4=0),"Sem Pendência",""))) -> Pendência de Agenda | O4: =IF(AND(D4>0,J4="Finalizado"),"Pendência de TACH",IF(AND(D4>0,J4="Não Criado"),"Pendência de TACH",IF(AND(D4>0,J4="Rascunho"),"Pendência de TACH",IF(AND(D4>0,J4="NECESSÁRIO AJUSTAR"),"Pendência de TACH",IF(AND(D4>0,J4="Aguardando Aprovação"),"Sem Pendência de TACH",IF(AND(D4>0,J4="Aprovado"),"Sem Pendência de TACH",IF(AND(D4>0,K4="Finalizado"),"Pendência de TACH",IF(AND(D4>0,K4="Não Criado"),"Pendência de TACH",IF(AND(D4>0,K4="Rascunho"),"Pendência de TACH",IF(AND(D4>0,K4="NECESSÁRIO AJUSTAR"),"Pendência de TACH",IF(AND(D4>0,K4="Aguardando Aprovação"),"Sem Pendência de TACH",IF(AND(D4>0,K4="Aprovado"),"Sem Pendência de TACH",IF(AND(D4>0,K4="Finalizado"),"Pendência de TACH",IF(AND(D4>0,K4="Não Criado"),"Pendência de TACH",IF(AND(D4>0,K4="Rascunho"),"Pendência de TACH"))))))))))))))) -> Pendência de TACH
A5: 90014229 | B5: ANDRE LUIZ DE SOUZA PAULA | C5: 11/05/2026 | D5: 6 | E5: 6 | F5: CAMPUS CURITIBA | G5: 1031412 - CIBERSEGURANÇA - ADM - CTBA (GRADUAÇÃO PRESENCIAL) | H5: SIM | I5: NÃO CRIADO | J5: NÃO CRIADO | K5: NÃO CRIADO | L5: FERIADO | M5: FERIADO | N5: =IF(AND(H5="SIM",E5>0),"Pendência de Agenda",IF(AND(H5="NÃO",E5=0),"Sem Pendência",IF(AND(H5="Sim",E5=0),"Sem Pendência",""))) -> Pendência de Agenda | O5: =IF(AND(D5>0,J5="Finalizado"),"Pendência de TACH",IF(AND(D5>0,J5="Não Criado"),"Pendência de TACH",IF(AND(D5>0,J5="Rascunho"),"Pendência de TACH",IF(AND(D5>0,J5="NECESSÁRIO AJUSTAR"),"Pendência de TACH",IF(AND(D5>0,J5="Aguardando Aprovação"),"Sem Pendência de TACH",IF(AND(D5>0,J5="Aprovado"),"Sem Pendência de TACH",IF(AND(D5>0,K5="Finalizado"),"Pendência de TACH",IF(AND(D5>0,K5="Não Criado"),"Pendência de TACH",IF(AND(D5>0,K5="Rascunho"),"Pendência de TACH",IF(AND(D5>0,K5="NECESSÁRIO AJUSTAR"),"Pendência de TACH",IF(AND(D5>0,K5="Aguardando Aprovação"),"Sem Pendência de TACH",IF(AND(D5>0,K5="Aprovado"),"Sem Pendência de TACH",IF(AND(D5>0,K5="Finalizado"),"Pendência de TACH",IF(AND(D5>0,K5="Não Criado"),"Pendência de TACH",IF(AND(D5>0,K5="Rascunho"),"Pendência de TACH"))))))))))))))) -> Pendência de TACH
A6: 90005226 | B6: CESAR RIBEIRO ZUCCOLI | C6: 01/04/2019 | D6: 14 | E6: 14 | F6: CAMPUS LONDRINA | G6: 105237 - MEDICINA - ADM - LDN (GRADUAÇÃO PRESENCIAL) | H6: SIM | I6: APROVADO | J6: APROVADO | K6: APROVADO | L6: FERIADO | M6: FERIADO | N6: =IF(AND(H6="SIM",E6>0),"Pendência de Agenda",IF(AND(H6="NÃO",E6=0),"Sem Pendência",IF(AND(H6="Sim",E6=0),"Sem Pendência",""))) -> Pendência de Agenda | O6: =IF(AND(D6>0,J6="Finalizado"),"Pendência de TACH",IF(AND(D6>0,J6="Não Criado"),"Pendência de TACH",IF(AND(D6>0,J6="Rascunho"),"Pendência de TACH",IF(AND(D6>0,J6="NECESSÁRIO AJUSTAR"),"Pendência de TACH",IF(AND(D6>0,J6="Aguardando Aprovação"),"Sem Pendência de TACH",IF(AND(D6>0,J6="Aprovado"),"Sem Pendência de TACH",IF(AND(D6>0,K6="Finalizado"),"Pendência de TACH",IF(AND(D6>0,K6="Não Criado"),"Pendência de TACH",IF(AND(D6>0,K6="Rascunho"),"Pendência de TACH",IF(AND(D6>0,K6="NECESSÁRIO AJUSTAR"),"Pendência de TACH",IF(AND(D6>0,K6="Aguardando Aprovação"),"Sem Pendência de TACH",IF(AND(D6>0,K6="Aprovado"),"Sem Pendência de TACH",IF(AND(D6>0,K6="Finalizado"),"Pendência de TACH",IF(AND(D6>0,K6="Não Criado"),"Pendência de TACH",IF(AND(D6>0,K6="Rascunho"),"Pendência de TACH"))))))))))))))) -> Sem Pendência de TACH
A7: 19800 | B7: CLAUDIA MARIA BORGES COSTA PINTO | C7: 03/03/2009 | D7: 7 | E7: 7 | F7: CAMPUS CURITIBA | G7: 4093 - DIREITO - ADM - CTBA (GRADUAÇÃO PRESENCIAL) | H7: SIM | I7: AGUARDANDO APROVAÇÃO | J7: AGUARDANDO APROVAÇÃO | K7: AGUARDANDO APROVAÇÃO | L7: FERIADO | M7: FERIADO | N7: =IF(AND(H7="SIM",E7>0),"Pendência de Agenda",IF(AND(H7="NÃO",E7=0),"Sem Pendência",IF(AND(H7="Sim",E7=0),"Sem Pendência",""))) -> Pendência de Agenda | O7: =IF(AND(D7>0,J7="Finalizado"),"Pendência de TACH",IF(AND(D7>0,J7="Não Criado"),"Pendência de TACH",IF(AND(D7>0,J7="Rascunho"),"Pendência de TACH",IF(AND(D7>0,J7="NECESSÁRIO AJUSTAR"),"Pendência de TACH",IF(AND(D7>0,J7="Aguardando Aprovação"),"Sem Pendência de TACH",IF(AND(D7>0,J7="Aprovado"),"Sem Pendência de TACH",IF(AND(D7>0,K7="Finalizado"),"Pendência de TACH",IF(AND(D7>0,K7="Não Criado"),"Pendência de TACH",IF(AND(D7>0,K7="Rascunho"),"Pendência de TACH",IF(AND(D7>0,K7="NECESSÁRIO AJUSTAR"),"Pendência de TACH",IF(AND(D7>0,K7="Aguardando Aprovação"),"Sem Pendência de TACH",IF(AND(D7>0,K7="Aprovado"),"Sem Pendência de TACH",IF(AND(D7>0,K7="Finalizado"),"Pendência de TACH",IF(AND(D7>0,K7="Não Criado"),"Pendência de TACH",IF(AND(D7>0,K7="Rascunho"),"Pendência de TACH"))))))))))))))) -> Sem Pendência de TACH
A8: 90013955 | B8: EMILE FERNANDES SPINASSI TEIXEIRA | C8: 09/03/2026 | D8: 3 | E8: 3 | F8: CAMPUS CURITIBA | G8: 3541 - MEDICINA - ADM - CTBA (GRADUAÇÃO PRESENCIAL) | H8: SIM | I8: AGUARDANDO APROVAÇÃO | J8: AGUARDANDO APROVAÇÃO | K8: AGUARDANDO APROVAÇÃO | L8: FERIADO | M8: FERIADO | N8: =IF(AND(H8="SIM",E8>0),"Pendência de Agenda",IF(AND(H8="NÃO",E8=0),"Sem Pendência",IF(AND(H8="Sim",E8=0),"Sem Pendência",""))) -> Pendência de Agenda | O8: =IF(AND(D8>0,J8="Finalizado"),"Pendência de TACH",IF(AND(D8>0,J8="Não Criado"),"Pendência de TACH",IF(AND(D8>0,J8="Rascunho"),"Pendência de TACH",IF(AND(D8>0,J8="NECESSÁRIO AJUSTAR"),"Pendência de TACH",IF(AND(D8>0,J8="Aguardando Aprovação"),"Sem Pendência de TACH",IF(AND(D8>0,J8="Aprovado"),"Sem Pendência de TACH",IF(AND(D8>0,K8="Finalizado"),"Pendência de TACH",IF(AND(D8>0,K8="Não Criado"),"Pendência de TACH",IF(AND(D8>0,K8="Rascunho"),"Pendência de TACH",IF(AND(D8>0,K8="NECESSÁRIO AJUSTAR"),"Pendência de TACH",IF(AND(D8>0,K8="Aguardando Aprovação"),"Sem Pendência de TACH",IF(AND(D8>0,K8="Aprovado"),"Sem Pendência de TACH",IF(AND(D8>0,K8="Finalizado"),"Pendência de TACH",IF(AND(D8>0,K8="Não Criado"),"Pendência de TACH",IF(AND(D8>0,K8="Rascunho"),"Pendência de TACH"))))))))))))))) -> Sem Pendência de TACH
A9: 90010315 | B9: FERNANDA CATAFESTA UTZUMI | C9: 07/08/2023 | D9: 20 | E9: 20 | F9: CAMPUS LONDRINA | G9: 105237 - MEDICINA - ADM - LDN (GRADUAÇÃO PRESENCIAL) | H9: SIM | I9: NÃO CRIADO | J9: NÃO CRIADO | K9: NÃO CRIADO | L9: FERIADO | M9: FERIADO | N9: =IF(AND(H9="SIM",E9>0),"Pendência de Agenda",IF(AND(H9="NÃO",E9=0),"Sem Pendência",IF(AND(H9="Sim",E9=0),"Sem Pendência",""))) -> Pendência de Agenda | O9: =IF(AND(D9>0,J9="Finalizado"),"Pendência de TACH",IF(AND(D9>0,J9="Não Criado"),"Pendência de TACH",IF(AND(D9>0,J9="Rascunho"),"Pendência de TACH",IF(AND(D9>0,J9="NECESSÁRIO AJUSTAR"),"Pendência de TACH",IF(AND(D9>0,J9="Aguardando Aprovação"),"Sem Pendência de TACH",IF(AND(D9>0,J9="Aprovado"),"Sem Pendência de TACH",IF(AND(D9>0,K9="Finalizado"),"Pendência de TACH",IF(AND(D9>0,K9="Não Criado"),"Pendência de TACH",IF(AND(D9>0,K9="Rascunho"),"Pendência de TACH",IF(AND(D9>0,K9="NECESSÁRIO AJUSTAR"),"Pendência de TACH",IF(AND(D9>0,K9="Aguardando Aprovação"),"Sem Pendência de TACH",IF(AND(D9>0,K9="Aprovado"),"Sem Pendência de TACH",IF(AND(D9>0,K9="Finalizado"),"Pendência de TACH",IF(AND(D9>0,K9="Não Criado"),"Pendência de TACH",IF(AND(D9>0,K9="Rascunho"),"Pendência de TACH"))))))))))))))) -> Pendência de TACH
A10: 90003306 | B10: HORACIO ALVARENGA MOREIRA | C10: 02/10/2017 | D10: 8 | E10: 8 | F10: CAMPUS LONDRINA | G10: 105237 - MEDICINA - ADM - LDN (GRADUAÇÃO PRESENCIAL) | H10: SIM | I10: NÃO CRIADO | J10: NÃO CRIADO | K10: NÃO CRIADO | L10: FERIADO | M10: FERIADO | N10: =IF(AND(H10="SIM",E10>0),"Pendência de Agenda",IF(AND(H10="NÃO",E10=0),"Sem Pendência",IF(AND(H10="Sim",E10=0),"Sem Pendência",""))) -> Pendência de Agenda | O10: =IF(AND(D10>0,J10="Finalizado"),"Pendência de TACH",IF(AND(D10>0,J10="Não Criado"),"Pendência de TACH",IF(AND(D10>0,J10="Rascunho"),"Pendência de TACH",IF(AND(D10>0,J10="NECESSÁRIO AJUSTAR"),"Pendência de TACH",IF(AND(D10>0,J10="Aguardando Aprovação"),"Sem Pendência de TACH",IF(AND(D10>0,J10="Aprovado"),"Sem Pendência de TACH",IF(AND(D10>0,K10="Finalizado"),"Pendência de TACH",IF(AND(D10>0,K10="Não Criado"),"Pendência de TACH",IF(AND(D10>0,K10="Rascunho"),"Pendência de TACH",IF(AND(D10>0,K10="NECESSÁRIO AJUSTAR"),"Pendência de TACH",IF(AND(D10>0,K10="Aguardando Aprovação"),"Sem Pendência de TACH",IF(AND(D10>0,K10="Aprovado"),"Sem Pendência de TACH",IF(AND(D10>0,K10="Finalizado"),"Pendência de TACH",IF(AND(D10>0,K10="Não Criado"),"Pendência de TACH",IF(AND(D10>0,K10="Rascunho"),"Pendência de TACH"))))))))))))))) -> Pendência de TACH
A11: 90003308 | B11: ISABELA MAYUMI NAKANISHI TAKAKI | C11: 02/10/2017 | D11: 34 | E11: 22 | F11: CAMPUS LONDRINA | G11: 105237 - MEDICINA - ADM - LDN (GRADUAÇÃO PRESENCIAL) | H11: SIM | I11: FINALIZADO | J11: FINALIZADO | K11: APROVADO | L11: FERIADO | M11: FERIADO | N11: =IF(AND(H11="SIM",E11>0),"Pendência de Agenda",IF(AND(H11="NÃO",E11=0),"Sem Pendência",IF(AND(H11="Sim",E11=0),"Sem Pendência",""))) -> Pendência de Agenda | O11: =IF(AND(D11>0,J11="Finalizado"),"Pendência de TACH",IF(AND(D11>0,J11="Não Criado"),"Pendência de TACH",IF(AND(D11>0,J11="Rascunho"),"Pendência de TACH",IF(AND(D11>0,J11="NECESSÁRIO AJUSTAR"),"Pendência de TACH",IF(AND(D11>0,J11="Aguardando Aprovação"),"Sem Pendência de TACH",IF(AND(D11>0,J11="Aprovado"),"Sem Pendência de TACH",IF(AND(D11>0,K11="Finalizado"),"Pendência de TACH",IF(AND(D11>0,K11="Não Criado"),"Pendência de TACH",IF(AND(D11>0,K11="Rascunho"),"Pendência de TACH",IF(AND(D11>0,K11="NECESSÁRIO AJUSTAR"),"Pendência de TACH",IF(AND(D11>0,K11="Aguardando Aprovação"),"Sem Pendência de TACH",IF(AND(D11>0,K11="Aprovado"),"Sem Pendência de TACH",IF(AND(D11>0,K11="Finalizado"),"Pendência de TACH",IF(AND(D11>0,K11="Não Criado"),"Pendência de TACH",IF(AND(D11>0,K11="Rascunho"),"Pendência de TACH"))))))))))))))) -> Pendência de TACH
A12: 90003039 | B12: JAMILE DA COSTA RIECHI | C12: 24/07/2017 | D12: 20 | E12: 2 | F12: CAMPUS LONDRINA | G12: 105237 - MEDICINA - ADM - LDN (GRADUAÇÃO PRESENCIAL) | H12: SIM | I12: APROVADO | J12: APROVADO | K12: APROVADO | L12: FERIADO | M12: FERIADO | N12: =IF(AND(H12="SIM",E12>0),"Pendência de Agenda",IF(AND(H12="NÃO",E12=0),"Sem Pendência",IF(AND(H12="Sim",E12=0),"Sem Pendência",""))) -> Pendência de Agenda | O12: =IF(AND(D12>0,J12="Finalizado"),"Pendência de TACH",IF(AND(D12>0,J12="Não Criado"),"Pendência de TACH",IF(AND(D12>0,J12="Rascunho"),"Pendência de TACH",IF(AND(D12>0,J12="NECESSÁRIO AJUSTAR"),"Pendência de TACH",IF(AND(D12>0,J12="Aguardando Aprovação"),"Sem Pendência de TACH",IF(AND(D12>0,J12="Aprovado"),"Sem Pendência de TACH",IF(AND(D12>0,K12="Finalizado"),"Pendência de TACH",IF(AND(D12>0,K12="Não Criado"),"Pendência de TACH",IF(AND(D12>0,K12="Rascunho"),"Pendência de TACH",IF(AND(D12>0,K12="NECESSÁRIO AJUSTAR"),"Pendência de TACH",IF(AND(D12>0,K12="Aguardando Aprovação"),"Sem Pendência de TACH",IF(AND(D12>0,K12="Aprovado"),"Sem Pendência de TACH",IF(AND(D12>0,K12="Finalizado"),"Pendência de TACH",IF(AND(D12>0,K12="Não Criado"),"Pendência de TACH",IF(AND(D12>0,K12="Rascunho"),"Pendência de TACH"))))))))))))))) -> Sem Pendência de TACH
A13: 90013958 | B13: JEFERSON DA COSTA VAZ | C13: 09/03/2026 | D13: 2 | E13: 2 | F13: CAMPUS CURITIBA | G13: 4267 - FILOSOFIA - ADM - CTBA (GRADUAÇÃO PRESENCIAL) | H13: SIM | I13: NÃO CRIADO | J13: NÃO CRIADO | K13: NÃO CRIADO | L13: FERIADO | M13: FERIADO | N13: =IF(AND(H13="SIM",E13>0),"Pendência de Agenda",IF(AND(H13="NÃO",E13=0),"Sem Pendência",IF(AND(H13="Sim",E13=0),"Sem Pendência",""))) -> Pendência de Agenda | O13: =IF(AND(D13>0,J13="Finalizado"),"Pendência de TACH",IF(AND(D13>0,J13="Não Criado"),"Pendência de TACH",IF(AND(D13>0,J13="Rascunho"),"Pendência de TACH",IF(AND(D13>0,J13="NECESSÁRIO AJUSTAR"),"Pendência de TACH",IF(AND(D13>0,J13="Aguardando Aprovação"),"Sem Pendência de TACH",IF(AND(D13>0,J13="Aprovado"),"Sem Pendência de TACH",IF(AND(D13>0,K13="Finalizado"),"Pendência de TACH",IF(AND(D13>0,K13="Não Criado"),"Pendência de TACH",IF(AND(D13>0,K13="Rascunho"),"Pendência de TACH",IF(AND(D13>0,K13="NECESSÁRIO AJUSTAR"),"Pendência de TACH",IF(AND(D13>0,K13="Aguardando Aprovação"),"Sem Pendência de TACH",IF(AND(D13>0,K13="Aprovado"),"Sem Pendência de TACH",IF(AND(D13>0,K13="Finalizado"),"Pendência de TACH",IF(AND(D13>0,K13="Não Criado"),"Pendência de TACH",IF(AND(D13>0,K13="Rascunho"),"Pendência de TACH"))))))))))))))) -> Pendência de TACH
... A22: 31303 | B22: RICARDO BERNARDO DA SILVA | C22: 10/02/2014 | D22: 28 | E22: 28 | F22: CAMPUS LONDRINA | G22: 105237 - MEDICINA - ADM - LDN (GRADUAÇÃO PRESENCIAL) | H22: SIM | I22: NÃO CRIADO | J22: NÃO CRIADO | K22: NÃO CRIADO | L22: FERIADO | M22: FERIADO | N22: =IF(AND(H22="SIM",E22>0),"Pendência de Agenda",IF(AND(H22="NÃO",E22=0),"Sem Pendência",IF(AND(H22="Sim",E22=0),"Sem Pendência",""))) -> Pendência de Agenda | O22: =IF(AND(D22>0,J22="Finalizado"),"Pendência de TACH",IF(AND(D22>0,J22="Não Criado"),"Pendência de TACH",IF(AND(D22>0,J22="Rascunho"),"Pendência de TACH",IF(AND(D22>0,J22="NECESSÁRIO AJUSTAR"),"Pendência de TACH",IF(AND(D22>0,J22="Aguardando Aprovação"),"Sem Pendência de TACH",IF(AND(D22>0,J22="Aprovado"),"Sem Pendência de TACH",IF(AND(D22>0,K22="Finalizado"),"Pendência de TACH",IF(AND(D22>0,K22="Não Criado"),"Pendência de TACH",IF(AND(D22>0,K22="Rascunho"),"Pendência de TACH",IF(AND(D22>0,K22="NECESSÁRIO AJUSTAR"),"Pendência de TACH",IF(AND(D22>0,K22="Aguardando Aprovação"),"Sem Pendência de TACH",IF(AND(D22>0,K22="Aprovado"),"Sem Pendência de TACH",IF(AND(D22>0,K22="Finalizado"),"Pendência de TACH",IF(AND(D22>0,K22="Não Criado"),"Pendência de TACH",IF(AND(D22>0,K22="Rascunho"),"Pendência de TACH"))))))))))))))) -> Pendência de TACH
A23: 90013903 | B23: JACKSON LUIS SCHIRIGATTI | C23: 02/03/2026 | D23: 6 | E23: 0 | F23: CAMPUS CURITIBA | G23: 1031412 - Cibersegurança - Adm - CTBA (Graduação Presencial) | H23: SIM | I23: NÃO CRIADO | J23: NÃO CRIADO | K23: NÃO CRIADO | L23: FERIADO | M23: FERIADO | N23: =IF(AND(H23="SIM",E23>0),"Pendência de Agenda",IF(AND(H23="NÃO",E23=0),"Sem Pendência",IF(AND(H23="Sim",E23=0),"Sem Pendência",""))) -> Sem Pendência | O23: =IF(AND(D23>0,J23="Finalizado"),"Pendência de TACH",IF(AND(D23>0,J23="Não Criado"),"Pendência de TACH",IF(AND(D23>0,J23="Rascunho"),"Pendência de TACH",IF(AND(D23>0,J23="NECESSÁRIO AJUSTAR"),"Pendência de TACH",IF(AND(D23>0,J23="Aguardando Aprovação"),"Sem Pendência de TACH",IF(AND(D23>0,J23="Aprovado"),"Sem Pendência de TACH",IF(AND(D23>0,K23="Finalizado"),"Pendência de TACH",IF(AND(D23>0,K23="Não Criado"),"Pendência de TACH",IF(AND(D23>0,K23="Rascunho"),"Pendência de TACH",IF(AND(D23>0,K23="NECESSÁRIO AJUSTAR"),"Pendência de TACH",IF(AND(D23>0,K23="Aguardando Aprovação"),"Sem Pendência de TACH",IF(AND(D23>0,K23="Aprovado"),"Sem Pendência de TACH",IF(AND(D23>0,K23="Finalizado"),"Pendência de TACH",IF(AND(D23>0,K23="Não Criado"),"Pendência de TACH",IF(AND(D23>0,K23="Rascunho"),"Pendência de TACH"))))))))))))))) -> Pendência de TACH
A24: 4717 | B24: LUIZ ALBERTO BLANCHET | C24: 02/05/1995 | D24: 28 | E24: 0 | F24: CAMPUS CURITIBA | G24: 4093 - Direito - Adm - CTBA (Graduação Presencial) | H24: NÃO | I24: FINALIZADO | J24: FINALIZADO | K24: FINALIZADO | L24: FERIADO | M24: FERIADO | N24: =IF(AND(H24="SIM",E24>0),"Pendência de Agenda",IF(AND(H24="NÃO",E24=0),"Sem Pendência",IF(AND(H24="Sim",E24=0),"Sem Pendência",""))) -> Sem Pendência | O24: =IF(AND(D24>0,J24="Finalizado"),"Pendência de TACH",IF(AND(D24>0,J24="Não Criado"),"Pendência de TACH",IF(AND(D24>0,J24="Rascunho"),"Pendência de TACH",IF(AND(D24>0,J24="NECESSÁRIO AJUSTAR"),"Pendência de TACH",IF(AND(D24>0,J24="Aguardando Aprovação"),"Sem Pendência de TACH",IF(AND(D24>0,J24="Aprovado"),"Sem Pendência de TACH",IF(AND(D24>0,K24="Finalizado"),"Pendência de TACH",IF(AND(D24>0,K24="Não Criado"),"Pendência de TACH",IF(AND(D24>0,K24="Rascunho"),"Pendência de TACH",IF(AND(D24>0,K24="NECESSÁRIO AJUSTAR"),"Pendência de TACH",IF(AND(D24>0,K24="Aguardando Aprovação"),"Sem Pendência de TACH",IF(AND(D24>0,K24="Aprovado"),"Sem Pendência de TACH",IF(AND(D24>0,K24="Finalizado"),"Pendência de TACH",IF(AND(D24>0,K24="Não Criado"),"Pendência de TACH",IF(AND(D24>0,K24="Rascunho"),"Pendência de TACH"))))))))))))))) -> Pendência de TACH

Sheet 08.06
A1: Matricula | B1: Nome docente | C1: CH total de contrato | D1: Horas a alocar | E1: Campus | F1: Curso | G1: Gera agenda | H1: Status 08/06 | I1: Status 09/06 | J1: Status 10/06 | K1: Status 11/06 | L1: Status 12/06 | M1: Resultado Agenda | N1: Resultado TACH
A2: 8306 | B2: ADALBERTO CARAMORI PETRY | C2: 2 | D2: =_xlfn.XLOOKUP(Table14[[#This Row],[Matricula]],[1]Sheet1!$A:$A,[1]Sheet1!$C:$C,1,0) -> 2 | E2: CAMPUS CURITIBA | F2: 4093 - DIREITO - ADM - CTBA (GRADUAÇÃO PRESENCIAL) | G2: SIM | H2: NÃO CRIADO | I2: NÃO CRIADO | J2: NÃO CRIADO | K2: NÃO CRIADO | L2: NÃO CRIADO | M2: =IF(AND(G2="SIM",D2>0),"Pendência de Agenda",IF(AND(#REF!="NÃO",D2=0),"Sem Pendência",IF(AND(#REF!="Sim",D2=0),"Sem Pendência",""))) -> Pendência de Agenda | N2: {=IF(AND(C2>0,I2="Finalizado"),"Pendência de TACH",IF(AND(C2>0,I2="Não Criado"),"Pendência de TACH",IF(AND(C2>0,I2="Rascunho"),"Pendência de TACH",IF(AND(C2>0,I2="NECESSÁRIO AJUSTAR"),"Pendência de TACH",IF(AND(C2>0,I2="Aguardando Aprovação"),"Sem Pendência de TACH",IF(AND(C2>0,I2="Aprovado"),"Sem Pendência de TACH",IF(AND(C2>0,J2="Finalizado"),"Pendência de TACH",IF(AND(C2>0,J2="Não Criado"),"Pendência de TACH",IF(AND(C2>0,J2="Rascunho"),"Pendência de TACH",IF(AND(C2>0,J2="NECESSÁRIO AJUSTAR"),"Pendência de TACH",IF(AND(C2>0,J2="Aguardando Aprovação"),"Sem Pendência de TACH",IF(AND(C2>0,J2="Aprovado"),"Sem Pendência de TACH",IF(AND(C2>0,K2="Finalizado"),"Pendência de TACH",IF(AND(C2>0,K2="Não Criado"),"Pendência de TACH",IF(AND(C2>0,K2="Rascunho"),"Pendência de TACH",IF(AND(C2>0,K2="NECESSÁRIO AJUSTAR"),"Pendência de TACH",IF(AND(C2>0,K2="Aguardando Aprovação"),"Sem Pendência de TACH",IF(AND(C2>0,K2="Aprovado"),"Sem Pendência de TACH",IF(AND(C2>0,KL="Finalizado"),"Pendência de TACH",IF(AND(C2>0,KL="Não Criado"),"Pendência de TACH",IF(AND(C2>0,KL="Rascunho"),"Pendência de TACH",IF(AND(C2>0,L2="NECESSÁRIO AJUSTAR"),"Pendência de TACH",IF(AND(C2>0,L2="Aguardando Aprovação"),"Sem Pendência de TACH",IF(AND(C2>0,L2="Aprovado"),"Sem Pendência de TACH"))))))))))))))))))))))))} -> Pendência de TACH
A3: 90013836 | B3: ANA LUIZA CHALUSNHAK | C3: 2 | D3: =_xlfn.XLOOKUP(Table14[[#This Row],[Matricula]],[1]Sheet1!$A:$A,[1]Sheet1!$C:$C,1,0) -> 2 | E3: CAMPUS CURITIBA | F3: 4093 - DIREITO - ADM - CTBA (GRADUAÇÃO PRESENCIAL) | G3: SIM | H3: FINALIZADO | I3: FINALIZADO | J3: FINALIZADO | K3: FINALIZADO | L3: FINALIZADO | M3: =IF(AND(G3="SIM",D3>0),"Pendência de Agenda",IF(AND(G3="NÃO",D3=0),"Sem Pendência",IF(AND(G3="Sim",D3=0),"Sem Pendência",""))) -> Pendência de Agenda | N3: {=IF(AND(C3>0,I3="Finalizado"),"Pendência de TACH",IF(AND(C3>0,I3="Não Criado"),"Pendência de TACH",IF(AND(C3>0,I3="Rascunho"),"Pendência de TACH",IF(AND(C3>0,I3="NECESSÁRIO AJUSTAR"),"Pendência de TACH",IF(AND(C3>0,I3="Aguardando Aprovação"),"Sem Pendência de TACH",IF(AND(C3>0,I3="Aprovado"),"Sem Pendência de TACH",IF(AND(C3>0,J3="Finalizado"),"Pendência de TACH",IF(AND(C3>0,J3="Não Criado"),"Pendência de TACH",IF(AND(C3>0,J3="Rascunho"),"Pendência de TACH",IF(AND(C3>0,J3="NECESSÁRIO AJUSTAR"),"Pendência de TACH",IF(AND(C3>0,J3="Aguardando Aprovação"),"Sem Pendência de TACH",IF(AND(C3>0,J3="Aprovado"),"Sem Pendência de TACH",IF(AND(C3>0,K3="Finalizado"),"Pendência de TACH",IF(AND(C3>0,K3="Não Criado"),"Pendência de TACH",IF(AND(C3>0,K3="Rascunho"),"Pendência de TACH",IF(AND(C3>0,K3="NECESSÁRIO AJUSTAR"),"Pendência de TACH",IF(AND(C3>0,K3="Aguardando Aprovação"),"Sem Pendência de TACH",IF(AND(C3>0,K3="Aprovado"),"Sem Pendência de TACH",IF(AND(C3>0,KL="Finalizado"),"Pendência de TACH",IF(AND(C3>0,KL="Não Criado"),"Pendência de TACH",IF(AND(C3>0,KL="Rascunho"),"Pendência de TACH",IF(AND(C3>0,L3="NECESSÁRIO AJUSTAR"),"Pendência de TACH",IF(AND(C3>0,L3="Aguardando Aprovação"),"Sem Pendência de TACH",IF(AND(C3>0,L3="Aprovado"),"Sem Pendência de TACH"))))))))))))))))))))))))} -> Pendência de TACH
A4: 90009703 | B4: ANDERSON NITSCHE | C4: 18 | D4: =_xlfn.XLOOKUP(Table14[[#This Row],[Matricula]],[1]Sheet1!$A:$A,[1]Sheet1!$C:$C,1,0) -> 18 | E4: CAMPUS CURITIBA | F4: 3541 - MEDICINA - ADM - CTBA (GRADUAÇÃO PRESENCIAL) | G4: SIM | H4: RASCUNHO | I4: RASCUNHO | J4: RASCUNHO | K4: RASCUNHO | L4: RASCUNHO | M4: =IF(AND(G4="SIM",D4>0),"Pendência de Agenda",IF(AND(G4="NÃO",D4=0),"Sem Pendência",IF(AND(G4="Sim",D4=0),"Sem Pendência",""))) -> Pendência de Agenda | N4: {=IF(AND(C4>0,I4="Finalizado"),"Pendência de TACH",IF(AND(C4>0,I4="Não Criado"),"Pendência de TACH",IF(AND(C4>0,I4="Rascunho"),"Pendência de TACH",IF(AND(C4>0,I4="NECESSÁRIO AJUSTAR"),"Pendência de TACH",IF(AND(C4>0,I4="Aguardando Aprovação"),"Sem Pendência de TACH",IF(AND(C4>0,I4="Aprovado"),"Sem Pendência de TACH",IF(AND(C4>0,J4="Finalizado"),"Pendência de TACH",IF(AND(C4>0,J4="Não Criado"),"Pendência de TACH",IF(AND(C4>0,J4="Rascunho"),"Pendência de TACH",IF(AND(C4>0,J4="NECESSÁRIO AJUSTAR"),"Pendência de TACH",IF(AND(C4>0,J4="Aguardando Aprovação"),"Sem Pendência de TACH",IF(AND(C4>0,J4="Aprovado"),"Sem Pendência de TACH",IF(AND(C4>0,K4="Finalizado"),"Pendência de TACH",IF(AND(C4>0,K4="Não Criado"),"Pendência de TACH",IF(AND(C4>0,K4="Rascunho"),"Pendência de TACH",IF(AND(C4>0,K4="NECESSÁRIO AJUSTAR"),"Pendência de TACH",IF(AND(C4>0,K4="Aguardando Aprovação"),"Sem Pendência de TACH",IF(AND(C4>0,K4="Aprovado"),"Sem Pendência de TACH",IF(AND(C4>0,KL="Finalizado"),"Pendência de TACH",IF(AND(C4>0,KL="Não Criado"),"Pendência de TACH",IF(AND(C4>0,KL="Rascunho"),"Pendência de TACH",IF(AND(C4>0,L4="NECESSÁRIO AJUSTAR"),"Pendência de TACH",IF(AND(C4>0,L4="Aguardando Aprovação"),"Sem Pendência de TACH",IF(AND(C4>0,L4="Aprovado"),"Sem Pendência de TACH"))))))))))))))))))))))))} -> Pendência de TACH
A5: 90005226 | B5: CESAR RIBEIRO ZUCCOLI | C5: 14 | D5: =_xlfn.XLOOKUP(Table14[[#This Row],[Matricula]],[1]Sheet1!$A:$A,[1]Sheet1!$C:$C,1,0) -> 14 | E5: CAMPUS LONDRINA | F5: 105237 - MEDICINA - ADM - LDN (GRADUAÇÃO PRESENCIAL) | G5: SIM | H5: APROVADO | I5: APROVADO | J5: APROVADO | K5: APROVADO | L5: APROVADO | M5: =IF(AND(G5="SIM",D5>0),"Pendência de Agenda",IF(AND(G5="NÃO",D5=0),"Sem Pendência",IF(AND(G5="Sim",D5=0),"Sem Pendência",""))) -> Pendência de Agenda | N5: {=IF(AND(C5>0,I5="Finalizado"),"Pendência de TACH",IF(AND(C5>0,I5="Não Criado"),"Pendência de TACH",IF(AND(C5>0,I5="Rascunho"),"Pendência de TACH",IF(AND(C5>0,I5="NECESSÁRIO AJUSTAR"),"Pendência de TACH",IF(AND(C5>0,I5="Aguardando Aprovação"),"Sem Pendência de TACH",IF(AND(C5>0,I5="Aprovado"),"Sem Pendência de TACH",IF(AND(C5>0,J5="Finalizado"),"Pendência de TACH",IF(AND(C5>0,J5="Não Criado"),"Pendência de TACH",IF(AND(C5>0,J5="Rascunho"),"Pendência de TACH",IF(AND(C5>0,J5="NECESSÁRIO AJUSTAR"),"Pendência de TACH",IF(AND(C5>0,J5="Aguardando Aprovação"),"Sem Pendência de TACH",IF(AND(C5>0,J5="Aprovado"),"Sem Pendência de TACH",IF(AND(C5>0,K5="Finalizado"),"Pendência de TACH",IF(AND(C5>0,K5="Não Criado"),"Pendência de TACH",IF(AND(C5>0,K5="Rascunho"),"Pendência de TACH",IF(AND(C5>0,K5="NECESSÁRIO AJUSTAR"),"Pendência de TACH",IF(AND(C5>0,K5="Aguardando Aprovação"),"Sem Pendência de TACH",IF(AND(C5>0,K5="Aprovado"),"Sem Pendência de TACH",IF(AND(C5>0,KL="Finalizado"),"Pendência de TACH",IF(AND(C5>0,KL="Não Criado"),"Pendência de TACH",IF(AND(C5>0,KL="Rascunho"),"Pendência de TACH",IF(AND(C5>0,L5="NECESSÁRIO AJUSTAR"),"Pendência de TACH",IF(AND(C5>0,L5="Aguardando Aprovação"),"Sem Pendência de TACH",IF(AND(C5>0,L5="Aprovado"),"Sem Pendência de TACH"))))))))))))))))))))))))} -> Sem Pendência de TACH
A6: 90013955 | B6: EMILE FERNANDES SPINASSI TEIXEIRA | C6: 3 | D6: =_xlfn.XLOOKUP(Table14[[#This Row],[Matricula]],[1]Sheet1!$A:$A,[1]Sheet1!$C:$C,1,0) -> 3 | E6: CAMPUS CURITIBA | F6: 3541 - MEDICINA - ADM - CTBA (GRADUAÇÃO PRESENCIAL) | G6: SIM | H6: AGUARDANDO APROVAÇÃO | I6: AGUARDANDO APROVAÇÃO | J6: AGUARDANDO APROVAÇÃO | K6: AGUARDANDO APROVAÇÃO | L6: AGUARDANDO APROVAÇÃO | M6: =IF(AND(G6="SIM",D6>0),"Pendência de Agenda",IF(AND(G6="NÃO",D6=0),"Sem Pendência",IF(AND(G6="Sim",D6=0),"Sem Pendência",""))) -> Pendência de Agenda | N6: {=IF(AND(C6>0,I6="Finalizado"),"Pendência de TACH",IF(AND(C6>0,I6="Não Criado"),"Pendência de TACH",IF(AND(C6>0,I6="Rascunho"),"Pendência de TACH",IF(AND(C6>0,I6="NECESSÁRIO AJUSTAR"),"Pendência de TACH",IF(AND(C6>0,I6="Aguardando Aprovação"),"Sem Pendência de TACH",IF(AND(C6>0,I6="Aprovado"),"Sem Pendência de TACH",IF(AND(C6>0,J6="Finalizado"),"Pendência de TACH",IF(AND(C6>0,J6="Não Criado"),"Pendência de TACH",IF(AND(C6>0,J6="Rascunho"),"Pendência de TACH",IF(AND(C6>0,J6="NECESSÁRIO AJUSTAR"),"Pendência de TACH",IF(AND(C6>0,J6="Aguardando Aprovação"),"Sem Pendência de TACH",IF(AND(C6>0,J6="Aprovado"),"Sem Pendência de TACH",IF(AND(C6>0,K6="Finalizado"),"Pendência de TACH",IF(AND(C6>0,K6="Não Criado"),"Pendência de TACH",IF(AND(C6>0,K6="Rascunho"),"Pendência de TACH",IF(AND(C6>0,K6="NECESSÁRIO AJUSTAR"),"Pendência de TACH",IF(AND(C6>0,K6="Aguardando Aprovação"),"Sem Pendência de TACH",IF(AND(C6>0,K6="Aprovado"),"Sem Pendência de TACH",IF(AND(C6>0,KL="Finalizado"),"Pendência de TACH",IF(AND(C6>0,KL="Não Criado"),"Pendência de TACH",IF(AND(C6>0,KL="Rascunho"),"Pendência de TACH",IF(AND(C6>0,L6="NECESSÁRIO AJUSTAR"),"Pendência de TACH",IF(AND(C6>0,L6="Aguardando Aprovação"),"Sem Pendência de TACH",IF(AND(C6>0,L6="Aprovado"),"Sem Pendência de TACH"))))))))))))))))))))))))} -> Sem Pendência de TACH
A7: 90010315 | B7: FERNANDA CATAFESTA UTZUMI | C7: 20 | D7: =_xlfn.XLOOKUP(Table14[[#This Row],[Matricula]],[1]Sheet1!$A:$A,[1]Sheet1!$C:$C,1,0) -> 20 | E7: CAMPUS LONDRINA | F7: 105237 - MEDICINA - ADM - LDN (GRADUAÇÃO PRESENCIAL) | G7: SIM | H7: NÃO CRIADO | I7: AGUARDANDO APROVAÇÃO | J7: AGUARDANDO APROVAÇÃO | K7: APROVADO | L7: APROVADO | M7: =IF(AND(G7="SIM",D7>0),"Pendência de Agenda",IF(AND(G7="NÃO",D7=0),"Sem Pendência",IF(AND(G7="Sim",D7=0),"Sem Pendência",""))) -> Pendência de Agenda | N7: {=IF(AND(C7>0,I7="Finalizado"),"Pendência de TACH",IF(AND(C7>0,I7="Não Criado"),"Pendência de TACH",IF(AND(C7>0,I7="Rascunho"),"Pendência de TACH",IF(AND(C7>0,I7="NECESSÁRIO AJUSTAR"),"Pendência de TACH",IF(AND(C7>0,I7="Aguardando Aprovação"),"Sem Pendência de TACH",IF(AND(C7>0,I7="Aprovado"),"Sem Pendência de TACH",IF(AND(C7>0,J7="Finalizado"),"Pendência de TACH",IF(AND(C7>0,J7="Não Criado"),"Pendência de TACH",IF(AND(C7>0,J7="Rascunho"),"Pendência de TACH",IF(AND(C7>0,J7="NECESSÁRIO AJUSTAR"),"Pendência de TACH",IF(AND(C7>0,J7="Aguardando Aprovação"),"Sem Pendência de TACH",IF(AND(C7>0,J7="Aprovado"),"Sem Pendência de TACH",IF(AND(C7>0,K7="Finalizado"),"Pendência de TACH",IF(AND(C7>0,K7="Não Criado"),"Pendência de TACH",IF(AND(C7>0,K7="Rascunho"),"Pendência de TACH",IF(AND(C7>0,K7="NECESSÁRIO AJUSTAR"),"Pendência de TACH",IF(AND(C7>0,K7="Aguardando Aprovação"),"Sem Pendência de TACH",IF(AND(C7>0,K7="Aprovado"),"Sem Pendência de TACH",IF(AND(C7>0,KL="Finalizado"),"Pendência de TACH",IF(AND(C7>0,KL="Não Criado"),"Pendência de TACH",IF(AND(C7>0,KL="Rascunho"),"Pendência de TACH",IF(AND(C7>0,L7="NECESSÁRIO AJUSTAR"),"Pendência de TACH",IF(AND(C7>0,L7="Aguardando Aprovação"),"Sem Pendência de TACH",IF(AND(C7>0,L7="Aprovado"),"Sem Pendência de TACH"))))))))))))))))))))))))} -> Sem Pendência de TACH
A8: 90003306 | B8: HORACIO ALVARENGA MOREIRA | C8: 8 | D8: =_xlfn.XLOOKUP(Table14[[#This Row],[Matricula]],[1]Sheet1!$A:$A,[1]Sheet1!$C:$C,1,0) -> 8 | E8: CAMPUS LONDRINA | F8: 105237 - MEDICINA - ADM - LDN (GRADUAÇÃO PRESENCIAL) | G8: SIM | H8: NÃO CRIADO | I8: NÃO CRIADO | J8: NÃO CRIADO | K8: NÃO CRIADO | L8: NÃO CRIADO | M8: =IF(AND(G8="SIM",D8>0),"Pendência de Agenda",IF(AND(G8="NÃO",D8=0),"Sem Pendência",IF(AND(G8="Sim",D8=0),"Sem Pendência",""))) -> Pendência de Agenda | N8: {=IF(AND(C8>0,I8="Finalizado"),"Pendência de TACH",IF(AND(C8>0,I8="Não Criado"),"Pendência de TACH",IF(AND(C8>0,I8="Rascunho"),"Pendência de TACH",IF(AND(C8>0,I8="NECESSÁRIO AJUSTAR"),"Pendência de TACH",IF(AND(C8>0,I8="Aguardando Aprovação"),"Sem Pendência de TACH",IF(AND(C8>0,I8="Aprovado"),"Sem Pendência de TACH",IF(AND(C8>0,J8="Finalizado"),"Pendência de TACH",IF(AND(C8>0,J8="Não Criado"),"Pendência de TACH",IF(AND(C8>0,J8="Rascunho"),"Pendência de TACH",IF(AND(C8>0,J8="NECESSÁRIO AJUSTAR"),"Pendência de TACH",IF(AND(C8>0,J8="Aguardando Aprovação"),"Sem Pendência de TACH",IF(AND(C8>0,J8="Aprovado"),"Sem Pendência de TACH",IF(AND(C8>0,K8="Finalizado"),"Pendência de TACH",IF(AND(C8>0,K8="Não Criado"),"Pendência de TACH",IF(AND(C8>0,K8="Rascunho"),"Pendência de TACH",IF(AND(C8>0,K8="NECESSÁRIO AJUSTAR"),"Pendência de TACH",IF(AND(C8>0,K8="Aguardando Aprovação"),"Sem Pendência de TACH",IF(AND(C8>0,K8="Aprovado"),"Sem Pendência de TACH",IF(AND(C8>0,KL="Finalizado"),"Pendência de TACH",IF(AND(C8>0,KL="Não Criado"),"Pendência de TACH",IF(AND(C8>0,KL="Rascunho"),"Pendência de TACH",IF(AND(C8>0,L8="NECESSÁRIO AJUSTAR"),"Pendência de TACH",IF(AND(C8>0,L8="Aguardando Aprovação"),"Sem Pendência de TACH",IF(AND(C8>0,L8="Aprovado"),"Sem Pendência de TACH"))))))))))))))))))))))))} -> Pendência de TACH
A9: 23702 | B9: HUMBERTO MACIEL FRANCA MADEIRA | C9: 22 | D9: =_xlfn.XLOOKUP(Table14[[#This Row],[Matricula]],[1]Sheet1!$A:$A,[1]Sheet1!$C:$C,1,0) -> 22 | E9: CAMPUS CURITIBA | F9: 103572 - BIOTECNOLOGIA - ADM - CTBA (GRADUAÇÃO PRESENCIAL) | G9: SIM | H9: FINALIZADO | I9: FINALIZADO | J9: FINALIZADO | K9: FINALIZADO | L9: AGUARDANDO APROVAÇÃO | M9: =IF(AND(G9="SIM",D9>0),"Pendência de Agenda",IF(AND(G9="NÃO",D9=0),"Sem Pendência",IF(AND(G9="Sim",D9=0),"Sem Pendência",""))) -> Pendência de Agenda | N9: {=IF(AND(C9>0,I9="Finalizado"),"Pendência de TACH",IF(AND(C9>0,I9="Não Criado"),"Pendência de TACH",IF(AND(C9>0,I9="Rascunho"),"Pendência de TACH",IF(AND(C9>0,I9="NECESSÁRIO AJUSTAR"),"Pendência de TACH",IF(AND(C9>0,I9="Aguardando Aprovação"),"Sem Pendência de TACH",IF(AND(C9>0,I9="Aprovado"),"Sem Pendência de TACH",IF(AND(C9>0,J9="Finalizado"),"Pendência de TACH",IF(AND(C9>0,J9="Não Criado"),"Pendência de TACH",IF(AND(C9>0,J9="Rascunho"),"Pendência de TACH",IF(AND(C9>0,J9="NECESSÁRIO AJUSTAR"),"Pendência de TACH",IF(AND(C9>0,J9="Aguardando Aprovação"),"Sem Pendência de TACH",IF(AND(C9>0,J9="Aprovado"),"Sem Pendência de TACH",IF(AND(C9>0,K9="Finalizado"),"Pendência de TACH",IF(AND(C9>0,K9="Não Criado"),"Pendência de TACH",IF(AND(C9>0,K9="Rascunho"),"Pendência de TACH",IF(AND(C9>0,K9="NECESSÁRIO AJUSTAR"),"Pendência de TACH",IF(AND(C9>0,K9="Aguardando Aprovação"),"Sem Pendência de TACH",IF(AND(C9>0,K9="Aprovado"),"Sem Pendência de TACH",IF(AND(C9>0,KL="Finalizado"),"Pendência de TACH",IF(AND(C9>0,KL="Não Criado"),"Pendência de TACH",IF(AND(C9>0,KL="Rascunho"),"Pendência de TACH",IF(AND(C9>0,L9="NECESSÁRIO AJUSTAR"),"Pendência de TACH",IF(AND(C9>0,L9="Aguardando Aprovação"),"Sem Pendência de TACH",IF(AND(C9>0,L9="Aprovado"),"Sem Pendência de TACH"))))))))))))))))))))))))} -> Pendência de TACH
A10: 90013958 | B10: JEFERSON DA COSTA VAZ | C10: 2 | D10: =_xlfn.XLOOKUP(Table14[[#This Row],[Matricula]],[1]Sheet1!$A:$A,[1]Sheet1!$C:$C,1,0) -> 2 | E10: CAMPUS CURITIBA | F10: 4267 - FILOSOFIA - ADM - CTBA (GRADUAÇÃO PRESENCIAL) | G10: SIM | H10: NÃO CRIADO | I10: NÃO CRIADO | J10: NÃO CRIADO | K10: NÃO CRIADO | L10: NÃO CRIADO | M10: =IF(AND(G10="SIM",D10>0),"Pendência de Agenda",IF(AND(G10="NÃO",D10=0),"Sem Pendência",IF(AND(G10="Sim",D10=0),"Sem Pendência",""))) -> Pendência de Agenda | N10: {=IF(AND(C10>0,I10="Finalizado"),"Pendência de TACH",IF(AND(C10>0,I10="Não Criado"),"Pendência de TACH",IF(AND(C10>0,I10="Rascunho"),"Pendência de TACH",IF(AND(C10>0,I10="NECESSÁRIO AJUSTAR"),"Pendência de TACH",IF(AND(C10>0,I10="Aguardando Aprovação"),"Sem Pendência de TACH",IF(AND(C10>0,I10="Aprovado"),"Sem Pendência de TACH",IF(AND(C10>0,J10="Finalizado"),"Pendência de TACH",IF(AND(C10>0,J10="Não Criado"),"Pendência de TACH",IF(AND(C10>0,J10="Rascunho"),"Pendência de TACH",IF(AND(C10>0,J10="NECESSÁRIO AJUSTAR"),"Pendência de TACH",IF(AND(C10>0,J10="Aguardando Aprovação"),"Sem Pendência de TACH",IF(AND(C10>0,J10="Aprovado"),"Sem Pendência de TACH",IF(AND(C10>0,K10="Finalizado"),"Pendência de TACH",IF(AND(C10>0,K10="Não Criado"),"Pendência de TACH",IF(AND(C10>0,K10="Rascunho"),"Pendência de TACH",IF(AND(C10>0,K10="NECESSÁRIO AJUSTAR"),"Pendência de TACH",IF(AND(C10>0,K10="Aguardando Aprovação"),"Sem Pendência de TACH",IF(AND(C10>0,K10="Aprovado"),"Sem Pendência de TACH",IF(AND(C10>0,KL="Finalizado"),"Pendência de TACH",IF(AND(C10>0,KL="Não Criado"),"Pendência de TACH",IF(AND(C10>0,KL="Rascunho"),"Pendência de TACH",IF(AND(C10>0,L10="NECESSÁRIO AJUSTAR"),"Pendência de TACH",IF(AND(C10>0,L10="Aguardando Aprovação"),"Sem Pendência de TACH",IF(AND(C10>0,L10="Aprovado"),"Sem Pendência de TACH"))))))))))))))))))))))))} -> Pendência de TACH
A11: 90005652 | B11: JULIANA CONCEICAO NOSCHANG DA COSTA | C11: 36 | D11: =_xlfn.XLOOKUP(Table14[[#This Row],[Matricula]],[1]Sheet1!$A:$A,[1]Sheet1!$C:$C,1,0) -> 3 | E11: CAMPUS CURITIBA | F11: 103371 - MARKETING - ADM - CTBA (GRADUAÇÃO PRESENCIAL) | G11: SIM | H11: APROVADO | I11: APROVADO | J11: APROVADO | K11: APROVADO | L11: APROVADO | M11: =IF(AND(G11="SIM",D11>0),"Pendência de Agenda",IF(AND(G11="NÃO",D11=0),"Sem Pendência",IF(AND(G11="Sim",D11=0),"Sem Pendência",""))) -> Pendência de Agenda | N11: {=IF(AND(C11>0,I11="Finalizado"),"Pendência de TACH",IF(AND(C11>0,I11="Não Criado"),"Pendência de TACH",IF(AND(C11>0,I11="Rascunho"),"Pendência de TACH",IF(AND(C11>0,I11="NECESSÁRIO AJUSTAR"),"Pendência de TACH",IF(AND(C11>0,I11="Aguardando Aprovação"),"Sem Pendência de TACH",IF(AND(C11>0,I11="Aprovado"),"Sem Pendência de TACH",IF(AND(C11>0,J11="Finalizado"),"Pendência de TACH",IF(AND(C11>0,J11="Não Criado"),"Pendência de TACH",IF(AND(C11>0,J11="Rascunho"),"Pendência de TACH",IF(AND(C11>0,J11="NECESSÁRIO AJUSTAR"),"Pendência de TACH",IF(AND(C11>0,J11="Aguardando Aprovação"),"Sem Pendência de TACH",IF(AND(C11>0,J11="Aprovado"),"Sem Pendência de TACH",IF(AND(C11>0,K11="Finalizado"),"Pendência de TACH",IF(AND(C11>0,K11="Não Criado"),"Pendência de TACH",IF(AND(C11>0,K11="Rascunho"),"Pendência de TACH",IF(AND(C11>0,K11="NECESSÁRIO AJUSTAR"),"Pendência de TACH",IF(AND(C11>0,K11="Aguardando Aprovação"),"Sem Pendência de TACH",IF(AND(C11>0,K11="Aprovado"),"Sem Pendência de TACH",IF(AND(C11>0,KL="Finalizado"),"Pendência de TACH",IF(AND(C11>0,KL="Não Criado"),"Pendência de TACH",IF(AND(C11>0,KL="Rascunho"),"Pendência de TACH",IF(AND(C11>0,L11="NECESSÁRIO AJUSTAR"),"Pendência de TACH",IF(AND(C11>0,L11="Aguardando Aprovação"),"Sem Pendência de TACH",IF(AND(C11>0,L11="Aprovado"),"Sem Pendência de TACH"))))))))))))))))))))))))} -> Sem Pendência de TACH
A12: 90001409 | B12: LUIZ CARLOS CANTANHEDE FERNANDES JUNIOR | C12: 20 | D12: =_xlfn.XLOOKUP(Table14[[#This Row],[Matricula]],[1]Sheet1!$A:$A,[1]Sheet1!$C:$C,1,0) -> 20 | E12: CAMPUS LONDRINA | F12: 105237 - MEDICINA - ADM - LDN (GRADUAÇÃO PRESENCIAL) | G12: SIM | H12: NÃO CRIADO | I12: NÃO CRIADO | J12: NÃO CRIADO | K12: NÃO CRIADO | L12: NÃO CRIADO | M12: =IF(AND(G12="SIM",D12>0),"Pendência de Agenda",IF(AND(G12="NÃO",D12=0),"Sem Pendência",IF(AND(G12="Sim",D12=0),"Sem Pendência",""))) -> Pendência de Agenda | N12: {=IF(AND(C12>0,I12="Finalizado"),"Pendência de TACH",IF(AND(C12>0,I12="Não Criado"),"Pendência de TACH",IF(AND(C12>0,I12="Rascunho"),"Pendência de TACH",IF(AND(C12>0,I12="NECESSÁRIO AJUSTAR"),"Pendência de TACH",IF(AND(C12>0,I12="Aguardando Aprovação"),"Sem Pendência de TACH",IF(AND(C12>0,I12="Aprovado"),"Sem Pendência de TACH",IF(AND(C12>0,J12="Finalizado"),"Pendência de TACH",IF(AND(C12>0,J12="Não Criado"),"Pendência de TACH",IF(AND(C12>0,J12="Rascunho"),"Pendência de TACH",IF(AND(C12>0,J12="NECESSÁRIO AJUSTAR"),"Pendência de TACH",IF(AND(C12>0,J12="Aguardando Aprovação"),"Sem Pendência de TACH",IF(AND(C12>0,J12="Aprovado"),"Sem Pendência de TACH",IF(AND(C12>0,K12="Finalizado"),"Pendência de TACH",IF(AND(C12>0,K12="Não Criado"),"Pendência de TACH",IF(AND(C12>0,K12="Rascunho"),"Pendência de TACH",IF(AND(C12>0,K12="NECESSÁRIO AJUSTAR"),"Pendência de TACH",IF(AND(C12>0,K12="Aguardando Aprovação"),"Sem Pendência de TACH",IF(AND(C12>0,K12="Aprovado"),"Sem Pendência de TACH",IF(AND(C12>0,KL="Finalizado"),"Pendência de TACH",IF(AND(C12>0,KL="Não Criado"),"Pendência de TACH",IF(AND(C12>0,KL="Rascunho"),"Pendência de TACH",IF(AND(C12>0,L12="NECESSÁRIO AJUSTAR"),"Pendência de TACH",IF(AND(C12>0,L12="Aguardando Aprovação"),"Sem Pendência de TACH",IF(AND(C12>0,L12="Aprovado"),"Sem Pendência de TACH"))))))))))))))))))))))))} -> Pendência de TACH
A13: 90009989 | B13: MANOEL VALERIO DA SILVEIRA NETO | C13: 2 | D13: =_xlfn.XLOOKUP(Table14[[#This Row],[Matricula]],[1]Sheet1!$A:$A,[1]Sheet1!$C:$C,1,0) -> 2 | E13: CAMPUS CURITIBA | F13: 103974 - ENGENHARIA DE SOFTWARE - ADM - CTBA (GRADUAÇÃO PRESENCIAL) | G13: SIM | H13: APROVADO | I13: APROVADO | J13: APROVADO | K13: APROVADO | L13: APROVADO | M13: =IF(AND(G13="SIM",D13>0),"Pendência de Agenda",IF(AND(G13="NÃO",D13=0),"Sem Pendência",IF(AND(G13="Sim",D13=0),"Sem Pendência",""))) -> Pendência de Agenda | N13: {=IF(AND(C13>0,I13="Finalizado"),"Pendência de TACH",IF(AND(C13>0,I13="Não Criado"),"Pendência de TACH",IF(AND(C13>0,I13="Rascunho"),"Pendência de TACH",IF(AND(C13>0,I13="NECESSÁRIO AJUSTAR"),"Pendência de TACH",IF(AND(C13>0,I13="Aguardando Aprovação"),"Sem Pendência de TACH",IF(AND(C13>0,I13="Aprovado"),"Sem Pendência de TACH",IF(AND(C13>0,J13="Finalizado"),"Pendência de TACH",IF(AND(C13>0,J13="Não Criado"),"Pendência de TACH",IF(AND(C13>0,J13="Rascunho"),"Pendência de TACH",IF(AND(C13>0,J13="NECESSÁRIO AJUSTAR"),"Pendência de TACH",IF(AND(C13>0,J13="Aguardando Aprovação"),"Sem Pendência de TACH",IF(AND(C13>0,J13="Aprovado"),"Sem Pendência de TACH",IF(AND(C13>0,K13="Finalizado"),"Pendência de TACH",IF(AND(C13>0,K13="Não Criado"),"Pendência de TACH",IF(AND(C13>0,K13="Rascunho"),"Pendência de TACH",IF(AND(C13>0,K13="NECESSÁRIO AJUSTAR"),"Pendência de TACH",IF(AND(C13>0,K13="Aguardando Aprovação"),"Sem Pendência de TACH",IF(AND(C13>0,K13="Aprovado"),"Sem Pendência de TACH",IF(AND(C13>0,KL="Finalizado"),"Pendência de TACH",IF(AND(C13>0,KL="Não Criado"),"Pendência de TACH",IF(AND(C13>0,KL="Rascunho"),"Pendência de TACH",IF(AND(C13>0,L13="NECESSÁRIO AJUSTAR"),"Pendência de TACH",IF(AND(C13>0,L13="Aguardando Aprovação"),"Sem Pendência de TACH",IF(AND(C13>0,L13="Aprovado"),"Sem Pendência de TACH"))))))))))))))))))))))))} -> Sem Pendência de TACH
A14: 90012360 | B14: MANUELA TORRADO TRUITI | C14: 16 | D14: =_xlfn.XLOOKUP(Table14[[#This Row],[Matricula]],[1]Sheet1!$A:$A,[1]Sheet1!$C:$C,1,0) -> 16 | E14: CAMPUS TOLEDO | F14: 112339 - MEDICINA - ADM - TLD (GRADUAÇÃO PRESENCIAL) | G14: SIM | H14: NÃO CRIADO | I14: NÃO CRIADO | J14: NÃO CRIADO | K14: NÃO CRIADO | L14: NÃO CRIADO | M14: =IF(AND(G14="SIM",D14>0),"Pendência de Agenda",IF(AND(G14="NÃO",D14=0),"Sem Pendência",IF(AND(G14="Sim",D14=0),"Sem Pendência",""))) -> Pendência de Agenda | N14: {=IF(AND(C14>0,I14="Finalizado"),"Pendência de TACH",IF(AND(C14>0,I14="Não Criado"),"Pendência de TACH",IF(AND(C14>0,I14="Rascunho"),"Pendência de TACH",IF(AND(C14>0,I14="NECESSÁRIO AJUSTAR"),"Pendência de TACH",IF(AND(C14>0,I14="Aguardando Aprovação"),"Sem Pendência de TACH",IF(AND(C14>0,I14="Aprovado"),"Sem Pendência de TACH",IF(AND(C14>0,J14="Finalizado"),"Pendência de TACH",IF(AND(C14>0,J14="Não Criado"),"Pendência de TACH",IF(AND(C14>0,J14="Rascunho"),"Pendência de TACH",IF(AND(C14>0,J14="NECESSÁRIO AJUSTAR"),"Pendência de TACH",IF(AND(C14>0,J14="Aguardando Aprovação"),"Sem Pendência de TACH",IF(AND(C14>0,J14="Aprovado"),"Sem Pendência de TACH",IF(AND(C14>0,K14="Finalizado"),"Pendência de TACH",IF(AND(C14>0,K14="Não Criado"),"Pendência de TACH",IF(AND(C14>0,K14="Rascunho"),"Pendência de TACH",IF(AND(C14>0,K14="NECESSÁRIO AJUSTAR"),"Pendência de TACH",IF(AND(C14>0,K14="Aguardando Aprovação"),"Sem Pendência de TACH",IF(AND(C14>0,K14="Aprovado"),"Sem Pendência de TACH",IF(AND(C14>0,KL="Finalizado"),"Pendência de TACH",IF(AND(C14>0,KL="Não Criado"),"Pendência de TACH",IF(AND(C14>0,KL="Rascunho"),"Pendência de TACH",IF(AND(C14>0,L14="NECESSÁRIO AJUSTAR"),"Pendência de TACH",IF(AND(C14>0,L14="Aguardando Aprovação"),"Sem Pendência de TACH",IF(AND(C14>0,L14="Aprovado"),"Sem Pendência de TACH"))))))))))))))))))))))))} -> Pendência de TACH
... A19: 31303 | B19: RICARDO BERNARDO DA SILVA | C19: 28 | D19: =_xlfn.XLOOKUP(Table14[[#This Row],[Matricula]],[1]Sheet1!$A:$A,[1]Sheet1!$C:$C,1,0) -> 28 | E19: CAMPUS LONDRINA | F19: 105237 - MEDICINA - ADM - LDN (GRADUAÇÃO PRESENCIAL) | G19: SIM | H19: NÃO CRIADO | I19: NÃO CRIADO | J19: NÃO CRIADO | K19: NÃO CRIADO | L19: NÃO CRIADO | M19: =IF(AND(G19="SIM",D19>0),"Pendência de Agenda",IF(AND(G19="NÃO",D19=0),"Sem Pendência",IF(AND(G19="Sim",D19=0),"Sem Pendência",""))) -> Pendência de Agenda | N19: {=IF(AND(C19>0,I19="Finalizado"),"Pendência de TACH",IF(AND(C19>0,I19="Não Criado"),"Pendência de TACH",IF(AND(C19>0,I19="Rascunho"),"Pendência de TACH",IF(AND(C19>0,I19="NECESSÁRIO AJUSTAR"),"Pendência de TACH",IF(AND(C19>0,I19="Aguardando Aprovação"),"Sem Pendência de TACH",IF(AND(C19>0,I19="Aprovado"),"Sem Pendência de TACH",IF(AND(C19>0,J19="Finalizado"),"Pendência de TACH",IF(AND(C19>0,J19="Não Criado"),"Pendência de TACH",IF(AND(C19>0,J19="Rascunho"),"Pendência de TACH",IF(AND(C19>0,J19="NECESSÁRIO AJUSTAR"),"Pendência de TACH",IF(AND(C19>0,J19="Aguardando Aprovação"),"Sem Pendência de TACH",IF(AND(C19>0,J19="Aprovado"),"Sem Pendência de TACH",IF(AND(C19>0,K19="Finalizado"),"Pendência de TACH",IF(AND(C19>0,K19="Não Criado"),"Pendência de TACH",IF(AND(C19>0,K19="Rascunho"),"Pendência de TACH",IF(AND(C19>0,K19="NECESSÁRIO AJUSTAR"),"Pendência de TACH",IF(AND(C19>0,K19="Aguardando Aprovação"),"Sem Pendência de TACH",IF(AND(C19>0,K19="Aprovado"),"Sem Pendência de TACH",IF(AND(C19>0,KL="Finalizado"),"Pendência de TACH",IF(AND(C19>0,KL="Não Criado"),"Pendência de TACH",IF(AND(C19>0,KL="Rascunho"),"Pendência de TACH",IF(AND(C19>0,L19="NECESSÁRIO AJUSTAR"),"Pendência de TACH",IF(AND(C19>0,L19="Aguardando Aprovação"),"Sem Pendência de TACH",IF(AND(C19>0,L19="Aprovado"),"Sem Pendência de TACH"))))))))))))))))))))))))} -> Pendência de TACH
A20: 90014322 | B20: CARINA FERNANDA MATTEDI | C20: 12 | D20: 0 | E20: CAMPUS CURITIBA | F20: 10326554 - Biomedicina - Adm - CTBA (Graduação Presencial) | G20: SIM | H20: NÃO CRIADO | I20: NÃO CRIADO | J20: AGUARDANDO APROVAÇÃO | K20: APROVADO | L20: APROVADO | M20: =IF(AND(G20="SIM",D20>0),"Pendência de Agenda",IF(AND(G20="NÃO",D20=0),"Sem Pendência",IF(AND(G20="Sim",D20=0),"Sem Pendência",""))) -> Sem Pendência | N20: {=IF(AND(C20>0,I20="Finalizado"),"Pendência de TACH",IF(AND(C20>0,I20="Não Criado"),"Pendência de TACH",IF(AND(C20>0,I20="Rascunho"),"Pendência de TACH",IF(AND(C20>0,I20="NECESSÁRIO AJUSTAR"),"Pendência de TACH",IF(AND(C20>0,I20="Aguardando Aprovação"),"Sem Pendência de TACH",IF(AND(C20>0,I20="Aprovado"),"Sem Pendência de TACH",IF(AND(C20>0,J20="Finalizado"),"Pendência de TACH",IF(AND(C20>0,J20="Não Criado"),"Pendência de TACH",IF(AND(C20>0,J20="Rascunho"),"Pendência de TACH",IF(AND(C20>0,J20="NECESSÁRIO AJUSTAR"),"Pendência de TACH",IF(AND(C20>0,J20="Aguardando Aprovação"),"Sem Pendência de TACH",IF(AND(C20>0,J20="Aprovado"),"Sem Pendência de TACH",IF(AND(C20>0,K20="Finalizado"),"Pendência de TACH",IF(AND(C20>0,K20="Não Criado"),"Pendência de TACH",IF(AND(C20>0,K20="Rascunho"),"Pendência de TACH",IF(AND(C20>0,K20="NECESSÁRIO AJUSTAR"),"Pendência de TACH",IF(AND(C20>0,K20="Aguardando Aprovação"),"Sem Pendência de TACH",IF(AND(C20>0,K20="Aprovado"),"Sem Pendência de TACH",IF(AND(C20>0,KL="Finalizado"),"Pendência de TACH",IF(AND(C20>0,KL="Não Criado"),"Pendência de TACH",IF(AND(C20>0,KL="Rascunho"),"Pendência de TACH",IF(AND(C20>0,L20="NECESSÁRIO AJUSTAR"),"Pendência de TACH",IF(AND(C20>0,L20="Aguardando Aprovação"),"Sem Pendência de TACH",IF(AND(C20>0,L20="Aprovado"),"Sem Pendência de TACH"))))))))))))))))))))))))} -> Pendência de TACH
A21: 90002589 | B21: JOSE EDUARDO NUNES LINO | C21: 28 | D21: 0 | E21: CAMPUS CURITIBA | F21: 3776 - Ciência da Computação - Adm - CTBA (Graduação Presencial) | G21: NÃO | H21: FINALIZADO | I21: FINALIZADO | J21: FINALIZADO | K21: FINALIZADO | L21: APROVADO | M21: =IF(AND(G21="SIM",D21>0),"Pendência de Agenda",IF(AND(G21="NÃO",D21=0),"Sem Pendência",IF(AND(G21="Sim",D21=0),"Sem Pendência",""))) -> Sem Pendência | N21: {=IF(AND(C21>0,I21="Finalizado"),"Pendência de TACH",IF(AND(C21>0,I21="Não Criado"),"Pendência de TACH",IF(AND(C21>0,I21="Rascunho"),"Pendência de TACH",IF(AND(C21>0,I21="NECESSÁRIO AJUSTAR"),"Pendência de TACH",IF(AND(C21>0,I21="Aguardando Aprovação"),"Sem Pendência de TACH",IF(AND(C21>0,I21="Aprovado"),"Sem Pendência de TACH",IF(AND(C21>0,J21="Finalizado"),"Pendência de TACH",IF(AND(C21>0,J21="Não Criado"),"Pendência de TACH",IF(AND(C21>0,J21="Rascunho"),"Pendência de TACH",IF(AND(C21>0,J21="NECESSÁRIO AJUSTAR"),"Pendência de TACH",IF(AND(C21>0,J21="Aguardando Aprovação"),"Sem Pendência de TACH",IF(AND(C21>0,J21="Aprovado"),"Sem Pendência de TACH",IF(AND(C21>0,K21="Finalizado"),"Pendência de TACH",IF(AND(C21>0,K21="Não Criado"),"Pendência de TACH",IF(AND(C21>0,K21="Rascunho"),"Pendência de TACH",IF(AND(C21>0,K21="NECESSÁRIO AJUSTAR"),"Pendência de TACH",IF(AND(C21>0,K21="Aguardando Aprovação"),"Sem Pendência de TACH",IF(AND(C21>0,K21="Aprovado"),"Sem Pendência de TACH",IF(AND(C21>0,KL="Finalizado"),"Pendência de TACH",IF(AND(C21>0,KL="Não Criado"),"Pendência de TACH",IF(AND(C21>0,KL="Rascunho"),"Pendência de TACH",IF(AND(C21>0,L21="NECESSÁRIO AJUSTAR"),"Pendência de TACH",IF(AND(C21>0,L21="Aguardando Aprovação"),"Sem Pendência de TACH",IF(AND(C21>0,L21="Aprovado"),"Sem Pendência de TACH"))))))))))))))))))))))))} -> Pendência de TACH
A22: 4717 | B22: LUIZ ALBERTO BLANCHET | C22: 28 | D22: 0 | E22: CAMPUS CURITIBA | F22: 4093 - Direito - Adm - CTBA (Graduação Presencial) | G22: NÃO | H22: FINALIZADO | I22: FINALIZADO | J22: FINALIZADO | K22: FINALIZADO | L22: APROVADO | M22: =IF(AND(G22="SIM",D22>0),"Pendência de Agenda",IF(AND(G22="NÃO",D22=0),"Sem Pendência",IF(AND(G22="Sim",D22=0),"Sem Pendência",""))) -> Sem Pendência | N22: {=IF(AND(C22>0,I22="Finalizado"),"Pendência de TACH",IF(AND(C22>0,I22="Não Criado"),"Pendência de TACH",IF(AND(C22>0,I22="Rascunho"),"Pendência de TACH",IF(AND(C22>0,I22="NECESSÁRIO AJUSTAR"),"Pendência de TACH",IF(AND(C22>0,I22="Aguardando Aprovação"),"Sem Pendência de TACH",IF(AND(C22>0,I22="Aprovado"),"Sem Pendência de TACH",IF(AND(C22>0,J22="Finalizado"),"Pendência de TACH",IF(AND(C22>0,J22="Não Criado"),"Pendência de TACH",IF(AND(C22>0,J22="Rascunho"),"Pendência de TACH",IF(AND(C22>0,J22="NECESSÁRIO AJUSTAR"),"Pendência de TACH",IF(AND(C22>0,J22="Aguardando Aprovação"),"Sem Pendência de TACH",IF(AND(C22>0,J22="Aprovado"),"Sem Pendência de TACH",IF(AND(C22>0,K22="Finalizado"),"Pendência de TACH",IF(AND(C22>0,K22="Não Criado"),"Pendência de TACH",IF(AND(C22>0,K22="Rascunho"),"Pendência de TACH",IF(AND(C22>0,K22="NECESSÁRIO AJUSTAR"),"Pendência de TACH",IF(AND(C22>0,K22="Aguardando Aprovação"),"Sem Pendência de TACH",IF(AND(C22>0,K22="Aprovado"),"Sem Pendência de TACH",IF(AND(C22>0,KL="Finalizado"),"Pendência de TACH",IF(AND(C22>0,KL="Não Criado"),"Pendência de TACH",IF(AND(C22>0,KL="Rascunho"),"Pendência de TACH",IF(AND(C22>0,L22="NECESSÁRIO AJUSTAR"),"Pendência de TACH",IF(AND(C22>0,L22="Aguardando Aprovação"),"Sem Pendência de TACH",IF(AND(C22>0,L22="Aprovado"),"Sem Pendência de TACH"))))))))))))))))))))))))} -> Pendência de TACH
N23: {=IF(AND(C23>0,I23="Finalizado"),"Pendência de TACH",IF(AND(C23>0,I23="Não Criado"),"Pendência de TACH",IF(AND(C23>0,I23="Rascunho"),"Pendência de TACH",IF(AND(C23>0,I23="NECESSÁRIO AJUSTAR"),"Pendência de TACH",IF(AND(C23>0,I23="Aguardando Aprovação"),"Sem Pendência de TACH",IF(AND(C23>0,I23="Aprovado"),"Sem Pendência de TACH",IF(AND(C23>0,J23="Finalizado"),"Pendência de TACH",IF(AND(C23>0,J23="Não Criado"),"Pendência de TACH",IF(AND(C23>0,J23="Rascunho"),"Pendência de TACH",IF(AND(C23>0,J23="NECESSÁRIO AJUSTAR"),"Pendência de TACH",IF(AND(C23>0,J23="Aguardando Aprovação"),"Sem Pendência de TACH",IF(AND(C23>0,J23="Aprovado"),"Sem Pendência de TACH",IF(AND(C23>0,K23="Finalizado"),"Pendência de TACH",IF(AND(C23>0,K23="Não Criado"),"Pendência de TACH",IF(AND(C23>0,K23="Rascunho"),"Pendência de TACH",IF(AND(C23>0,K23="NECESSÁRIO AJUSTAR"),"Pendência de TACH",IF(AND(C23>0,K23="Aguardando Aprovação"),"Sem Pendência de TACH",IF(AND(C23>0,K23="Aprovado"),"Sem Pendência de TACH",IF(AND(C23>0,KL="Finalizado"),"Pendência de TACH",IF(AND(C23>0,KL="Não Criado"),"Pendência de TACH",IF(AND(C23>0,KL="Rascunho"),"Pendência de TACH",IF(AND(C23>0,L23="NECESSÁRIO AJUSTAR"),"Pendência de TACH",IF(AND(C23>0,L23="Aguardando Aprovação"),"Sem Pendência de TACH",IF(AND(C23>0,L23="Aprovado"),"Sem Pendência de TACH"))))))))))))))))))))))))} -> #NAME?
N24: {=IF(AND(C24>0,I24="Finalizado"),"Pendência de TACH",IF(AND(C24>0,I24="Não Criado"),"Pendência de TACH",IF(AND(C24>0,I24="Rascunho"),"Pendência de TACH",IF(AND(C24>0,I24="NECESSÁRIO AJUSTAR"),"Pendência de TACH",IF(AND(C24>0,I24="Aguardando Aprovação"),"Sem Pendência de TACH",IF(AND(C24>0,I24="Aprovado"),"Sem Pendência de TACH",IF(AND(C24>0,J24="Finalizado"),"Pendência de TACH",IF(AND(C24>0,J24="Não Criado"),"Pendência de TACH",IF(AND(C24>0,J24="Rascunho"),"Pendência de TACH",IF(AND(C24>0,J24="NECESSÁRIO AJUSTAR"),"Pendência de TACH",IF(AND(C24>0,J24="Aguardando Aprovação"),"Sem Pendência de TACH",IF(AND(C24>0,J24="Aprovado"),"Sem Pendência de TACH",IF(AND(C24>0,K24="Finalizado"),"Pendência de TACH",IF(AND(C24>0,K24="Não Criado"),"Pendência de TACH",IF(AND(C24>0,K24="Rascunho"),"Pendência de TACH",IF(AND(C24>0,K24="NECESSÁRIO AJUSTAR"),"Pendência de TACH",IF(AND(C24>0,K24="Aguardando Aprovação"),"Sem Pendência de TACH",IF(AND(C24>0,K24="Aprovado"),"Sem Pendência de TACH",IF(AND(C24>0,KL="Finalizado"),"Pendência de TACH",IF(AND(C24>0,KL="Não Criado"),"Pendência de TACH",IF(AND(C24>0,KL="Rascunho"),"Pendência de TACH",IF(AND(C24>0,L24="NECESSÁRIO AJUSTAR"),"Pendência de TACH",IF(AND(C24>0,L24="Aguardando Aprovação"),"Sem Pendência de TACH",IF(AND(C24>0,L24="Aprovado"),"Sem Pendência de TACH"))))))))))))))))))))))))} -> #NAME?
N25: {=IF(AND(C25>0,I25="Finalizado"),"Pendência de TACH",IF(AND(C25>0,I25="Não Criado"),"Pendência de TACH",IF(AND(C25>0,I25="Rascunho"),"Pendência de TACH",IF(AND(C25>0,I25="NECESSÁRIO AJUSTAR"),"Pendência de TACH",IF(AND(C25>0,I25="Aguardando Aprovação"),"Sem Pendência de TACH",IF(AND(C25>0,I25="Aprovado"),"Sem Pendência de TACH",IF(AND(C25>0,J25="Finalizado"),"Pendência de TACH",IF(AND(C25>0,J25="Não Criado"),"Pendência de TACH",IF(AND(C25>0,J25="Rascunho"),"Pendência de TACH",IF(AND(C25>0,J25="NECESSÁRIO AJUSTAR"),"Pendência de TACH",IF(AND(C25>0,J25="Aguardando Aprovação"),"Sem Pendência de TACH",IF(AND(C25>0,J25="Aprovado"),"Sem Pendência de TACH",IF(AND(C25>0,K25="Finalizado"),"Pendência de TACH",IF(AND(C25>0,K25="Não Criado"),"Pendência de TACH",IF(AND(C25>0,K25="Rascunho"),"Pendência de TACH",IF(AND(C25>0,K25="NECESSÁRIO AJUSTAR"),"Pendência de TACH",IF(AND(C25>0,K25="Aguardando Aprovação"),"Sem Pendência de TACH",IF(AND(C25>0,K25="Aprovado"),"Sem Pendência de TACH",IF(AND(C25>0,KL="Finalizado"),"Pendência de TACH",IF(AND(C25>0,KL="Não Criado"),"Pendência de TACH",IF(AND(C25>0,KL="Rascunho"),"Pendência de TACH",IF(AND(C25>0,L25="NECESSÁRIO AJUSTAR"),"Pendência de TACH",IF(AND(C25>0,L25="Aguardando Aprovação"),"Sem Pendência de TACH",IF(AND(C25>0,L25="Aprovado"),"Sem Pendência de TACH"))))))))))))))))))))))))} -> #NAME?
N26: {=IF(AND(C26>0,I26="Finalizado"),"Pendência de TACH",IF(AND(C26>0,I26="Não Criado"),"Pendência de TACH",IF(AND(C26>0,I26="Rascunho"),"Pendência de TACH",IF(AND(C26>0,I26="NECESSÁRIO AJUSTAR"),"Pendência de TACH",IF(AND(C26>0,I26="Aguardando Aprovação"),"Sem Pendência de TACH",IF(AND(C26>0,I26="Aprovado"),"Sem Pendência de TACH",IF(AND(C26>0,J26="Finalizado"),"Pendência de TACH",IF(AND(C26>0,J26="Não Criado"),"Pendência de TACH",IF(AND(C26>0,J26="Rascunho"),"Pendência de TACH",IF(AND(C26>0,J26="NECESSÁRIO AJUSTAR"),"Pendência de TACH",IF(AND(C26>0,J26="Aguardando Aprovação"),"Sem Pendência de TACH",IF(AND(C26>0,J26="Aprovado"),"Sem Pendência de TACH",IF(AND(C26>0,K26="Finalizado"),"Pendência de TACH",IF(AND(C26>0,K26="Não Criado"),"Pendência de TACH",IF(AND(C26>0,K26="Rascunho"),"Pendência de TACH",IF(AND(C26>0,K26="NECESSÁRIO AJUSTAR"),"Pendência de TACH",IF(AND(C26>0,K26="Aguardando Aprovação"),"Sem Pendência de TACH",IF(AND(C26>0,K26="Aprovado"),"Sem Pendência de TACH",IF(AND(C26>0,KL="Finalizado"),"Pendência de TACH",IF(AND(C26>0,KL="Não Criado"),"Pendência de TACH",IF(AND(C26>0,KL="Rascunho"),"Pendência de TACH",IF(AND(C26>0,L26="NECESSÁRIO AJUSTAR"),"Pendência de TACH",IF(AND(C26>0,L26="Aguardando Aprovação"),"Sem Pendência de TACH",IF(AND(C26>0,L26="Aprovado"),"Sem Pendência de TACH"))))))))))))))))))))))))} -> #NAME?
N27: {=IF(AND(C27>0,I27="Finalizado"),"Pendência de TACH",IF(AND(C27>0,I27="Não Criado"),"Pendência de TACH",IF(AND(C27>0,I27="Rascunho"),"Pendência de TACH",IF(AND(C27>0,I27="NECESSÁRIO AJUSTAR"),"Pendência de TACH",IF(AND(C27>0,I27="Aguardando Aprovação"),"Sem Pendência de TACH",IF(AND(C27>0,I27="Aprovado"),"Sem Pendência de TACH",IF(AND(C27>0,J27="Finalizado"),"Pendência de TACH",IF(AND(C27>0,J27="Não Criado"),"Pendência de TACH",IF(AND(C27>0,J27="Rascunho"),"Pendência de TACH",IF(AND(C27>0,J27="NECESSÁRIO AJUSTAR"),"Pendência de TACH",IF(AND(C27>0,J27="Aguardando Aprovação"),"Sem Pendência de TACH",IF(AND(C27>0,J27="Aprovado"),"Sem Pendência de TACH",IF(AND(C27>0,K27="Finalizado"),"Pendência de TACH",IF(AND(C27>0,K27="Não Criado"),"Pendência de TACH",IF(AND(C27>0,K27="Rascunho"),"Pendência de TACH",IF(AND(C27>0,K27="NECESSÁRIO AJUSTAR"),"Pendência de TACH",IF(AND(C27>0,K27="Aguardando Aprovação"),"Sem Pendência de TACH",IF(AND(C27>0,K27="Aprovado"),"Sem Pendência de TACH",IF(AND(C27>0,KL="Finalizado"),"Pendência de TACH",IF(AND(C27>0,KL="Não Criado"),"Pendência de TACH",IF(AND(C27>0,KL="Rascunho"),"Pendência de TACH",IF(AND(C27>0,L27="NECESSÁRIO AJUSTAR"),"Pendência de TACH",IF(AND(C27>0,L27="Aguardando Aprovação"),"Sem Pendência de TACH",IF(AND(C27>0,L27="Aprovado"),"Sem Pendência de TACH"))))))))))))))))))))))))} -> #NAME?
N28: {=IF(AND(C28>0,I28="Finalizado"),"Pendência de TACH",IF(AND(C28>0,I28="Não Criado"),"Pendência de TACH",IF(AND(C28>0,I28="Rascunho"),"Pendência de TACH",IF(AND(C28>0,I28="NECESSÁRIO AJUSTAR"),"Pendência de TACH",IF(AND(C28>0,I28="Aguardando Aprovação"),"Sem Pendência de TACH",IF(AND(C28>0,I28="Aprovado"),"Sem Pendência de TACH",IF(AND(C28>0,J28="Finalizado"),"Pendência de TACH",IF(AND(C28>0,J28="Não Criado"),"Pendência de TACH",IF(AND(C28>0,J28="Rascunho"),"Pendência de TACH",IF(AND(C28>0,J28="NECESSÁRIO AJUSTAR"),"Pendência de TACH",IF(AND(C28>0,J28="Aguardando Aprovação"),"Sem Pendência de TACH",IF(AND(C28>0,J28="Aprovado"),"Sem Pendência de TACH",IF(AND(C28>0,K28="Finalizado"),"Pendência de TACH",IF(AND(C28>0,K28="Não Criado"),"Pendência de TACH",IF(AND(C28>0,K28="Rascunho"),"Pendência de TACH",IF(AND(C28>0,K28="NECESSÁRIO AJUSTAR"),"Pendência de TACH",IF(AND(C28>0,K28="Aguardando Aprovação"),"Sem Pendência de TACH",IF(AND(C28>0,K28="Aprovado"),"Sem Pendência de TACH",IF(AND(C28>0,KL="Finalizado"),"Pendência de TACH",IF(AND(C28>0,KL="Não Criado"),"Pendência de TACH",IF(AND(C28>0,KL="Rascunho"),"Pendência de TACH",IF(AND(C28>0,L28="NECESSÁRIO AJUSTAR"),"Pendência de TACH",IF(AND(C28>0,L28="Aguardando Aprovação"),"Sem Pendência de TACH",IF(AND(C28>0,L28="Aprovado"),"Sem Pendência de TACH"))))))))))))))))))))))))} -> #NAME?
N29: {=IF(AND(C29>0,I29="Finalizado"),"Pendência de TACH",IF(AND(C29>0,I29="Não Criado"),"Pendência de TACH",IF(AND(C29>0,I29="Rascunho"),"Pendência de TACH",IF(AND(C29>0,I29="NECESSÁRIO AJUSTAR"),"Pendência de TACH",IF(AND(C29>0,I29="Aguardando Aprovação"),"Sem Pendência de TACH",IF(AND(C29>0,I29="Aprovado"),"Sem Pendência de TACH",IF(AND(C29>0,J29="Finalizado"),"Pendência de TACH",IF(AND(C29>0,J29="Não Criado"),"Pendência de TACH",IF(AND(C29>0,J29="Rascunho"),"Pendência de TACH",IF(AND(C29>0,J29="NECESSÁRIO AJUSTAR"),"Pendência de TACH",IF(AND(C29>0,J29="Aguardando Aprovação"),"Sem Pendência de TACH",IF(AND(C29>0,J29="Aprovado"),"Sem Pendência de TACH",IF(AND(C29>0,K29="Finalizado"),"Pendência de TACH",IF(AND(C29>0,K29="Não Criado"),"Pendência de TACH",IF(AND(C29>0,K29="Rascunho"),"Pendência de TACH",IF(AND(C29>0,K29="NECESSÁRIO AJUSTAR"),"Pendência de TACH",IF(AND(C29>0,K29="Aguardando Aprovação"),"Sem Pendência de TACH",IF(AND(C29>0,K29="Aprovado"),"Sem Pendência de TACH",IF(AND(C29>0,KL="Finalizado"),"Pendência de TACH",IF(AND(C29>0,KL="Não Criado"),"Pendência de TACH",IF(AND(C29>0,KL="Rascunho"),"Pendência de TACH",IF(AND(C29>0,L29="NECESSÁRIO AJUSTAR"),"Pendência de TACH",IF(AND(C29>0,L29="Aguardando Aprovação"),"Sem Pendência de TACH",IF(AND(C29>0,L29="Aprovado"),"Sem Pendência de TACH"))))))))))))))))))))))))} -> #NAME?
N30: {=IF(AND(C30>0,I30="Finalizado"),"Pendência de TACH",IF(AND(C30>0,I30="Não Criado"),"Pendência de TACH",IF(AND(C30>0,I30="Rascunho"),"Pendência de TACH",IF(AND(C30>0,I30="NECESSÁRIO AJUSTAR"),"Pendência de TACH",IF(AND(C30>0,I30="Aguardando Aprovação"),"Sem Pendência de TACH",IF(AND(C30>0,I30="Aprovado"),"Sem Pendência de TACH",IF(AND(C30>0,J30="Finalizado"),"Pendência de TACH",IF(AND(C30>0,J30="Não Criado"),"Pendência de TACH",IF(AND(C30>0,J30="Rascunho"),"Pendência de TACH",IF(AND(C30>0,J30="NECESSÁRIO AJUSTAR"),"Pendência de TACH",IF(AND(C30>0,J30="Aguardando Aprovação"),"Sem Pendência de TACH",IF(AND(C30>0,J30="Aprovado"),"Sem Pendência de TACH",IF(AND(C30>0,K30="Finalizado"),"Pendência de TACH",IF(AND(C30>0,K30="Não Criado"),"Pendência de TACH",IF(AND(C30>0,K30="Rascunho"),"Pendência de TACH",IF(AND(C30>0,K30="NECESSÁRIO AJUSTAR"),"Pendência de TACH",IF(AND(C30>0,K30="Aguardando Aprovação"),"Sem Pendência de TACH",IF(AND(C30>0,K30="Aprovado"),"Sem Pendência de TACH",IF(AND(C30>0,KL="Finalizado"),"Pendência de TACH",IF(AND(C30>0,KL="Não Criado"),"Pendência de TACH",IF(AND(C30>0,KL="Rascunho"),"Pendência de TACH",IF(AND(C30>0,L30="NECESSÁRIO AJUSTAR"),"Pendência de TACH",IF(AND(C30>0,L30="Aguardando Aprovação"),"Sem Pendência de TACH",IF(AND(C30>0,L30="Aprovado"),"Sem Pendência de TACH"))))))))))))))))))))))))} -> #NAME?
N31: {=IF(AND(C31>0,I31="Finalizado"),"Pendência de TACH",IF(AND(C31>0,I31="Não Criado"),"Pendência de TACH",IF(AND(C31>0,I31="Rascunho"),"Pendência de TACH",IF(AND(C31>0,I31="NECESSÁRIO AJUSTAR"),"Pendência de TACH",IF(AND(C31>0,I31="Aguardando Aprovação"),"Sem Pendência de TACH",IF(AND(C31>0,I31="Aprovado"),"Sem Pendência de TACH",IF(AND(C31>0,J31="Finalizado"),"Pendência de TACH",IF(AND(C31>0,J31="Não Criado"),"Pendência de TACH",IF(AND(C31>0,J31="Rascunho"),"Pendência de TACH",IF(AND(C31>0,J31="NECESSÁRIO AJUSTAR"),"Pendência de TACH",IF(AND(C31>0,J31="Aguardando Aprovação"),"Sem Pendência de TACH",IF(AND(C31>0,J31="Aprovado"),"Sem Pendência de TACH",IF(AND(C31>0,K31="Finalizado"),"Pendência de TACH",IF(AND(C31>0,K31="Não Criado"),"Pendência de TACH",IF(AND(C31>0,K31="Rascunho"),"Pendência de TACH",IF(AND(C31>0,K31="NECESSÁRIO AJUSTAR"),"Pendência de TACH",IF(AND(C31>0,K31="Aguardando Aprovação"),"Sem Pendência de TACH",IF(AND(C31>0,K31="Aprovado"),"Sem Pendência de TACH",IF(AND(C31>0,KL="Finalizado"),"Pendência de TACH",IF(AND(C31>0,KL="Não Criado"),"Pendência de TACH",IF(AND(C31>0,KL="Rascunho"),"Pendência de TACH",IF(AND(C31>0,L31="NECESSÁRIO AJUSTAR"),"Pendência de TACH",IF(AND(C31>0,L31="Aguardando Aprovação"),"Sem Pendência de TACH",IF(AND(C31>0,L31="Aprovado"),"Sem Pendência de TACH"))))))))))))))))))))))))} -> #NAME?
N32: {=IF(AND(C32>0,I32="Finalizado"),"Pendência de TACH",IF(AND(C32>0,I32="Não Criado"),"Pendência de TACH",IF(AND(C32>0,I32="Rascunho"),"Pendência de TACH",IF(AND(C32>0,I32="NECESSÁRIO AJUSTAR"),"Pendência de TACH",IF(AND(C32>0,I32="Aguardando Aprovação"),"Sem Pendência de TACH",IF(AND(C32>0,I32="Aprovado"),"Sem Pendência de TACH",IF(AND(C32>0,J32="Finalizado"),"Pendência de TACH",IF(AND(C32>0,J32="Não Criado"),"Pendência de TACH",IF(AND(C32>0,J32="Rascunho"),"Pendência de TACH",IF(AND(C32>0,J32="NECESSÁRIO AJUSTAR"),"Pendência de TACH",IF(AND(C32>0,J32="Aguardando Aprovação"),"Sem Pendência de TACH",IF(AND(C32>0,J32="Aprovado"),"Sem Pendência de TACH",IF(AND(C32>0,K32="Finalizado"),"Pendência de TACH",IF(AND(C32>0,K32="Não Criado"),"Pendência de TACH",IF(AND(C32>0,K32="Rascunho"),"Pendência de TACH",IF(AND(C32>0,K32="NECESSÁRIO AJUSTAR"),"Pendência de TACH",IF(AND(C32>0,K32="Aguardando Aprovação"),"Sem Pendência de TACH",IF(AND(C32>0,K32="Aprovado"),"Sem Pendência de TACH",IF(AND(C32>0,KL="Finalizado"),"Pendência de TACH",IF(AND(C32>0,KL="Não Criado"),"Pendência de TACH",IF(AND(C32>0,KL="Rascunho"),"Pendência de TACH",IF(AND(C32>0,L32="NECESSÁRIO AJUSTAR"),"Pendência de TACH",IF(AND(C32>0,L32="Aguardando Aprovação"),"Sem Pendência de TACH",IF(AND(C32>0,L32="Aprovado"),"Sem Pendência de TACH"))))))))))))))))))))))))} -> #NAME?
N33: {=IF(AND(C33>0,I33="Finalizado"),"Pendência de TACH",IF(AND(C33>0,I33="Não Criado"),"Pendência de TACH",IF(AND(C33>0,I33="Rascunho"),"Pendência de TACH",IF(AND(C33>0,I33="NECESSÁRIO AJUSTAR"),"Pendência de TACH",IF(AND(C33>0,I33="Aguardando Aprovação"),"Sem Pendência de TACH",IF(AND(C33>0,I33="Aprovado"),"Sem Pendência de TACH",IF(AND(C33>0,J33="Finalizado"),"Pendência de TACH",IF(AND(C33>0,J33="Não Criado"),"Pendência de TACH",IF(AND(C33>0,J33="Rascunho"),"Pendência de TACH",IF(AND(C33>0,J33="NECESSÁRIO AJUSTAR"),"Pendência de TACH",IF(AND(C33>0,J33="Aguardando Aprovação"),"Sem Pendência de TACH",IF(AND(C33>0,J33="Aprovado"),"Sem Pendência de TACH",IF(AND(C33>0,K33="Finalizado"),"Pendência de TACH",IF(AND(C33>0,K33="Não Criado"),"Pendência de TACH",IF(AND(C33>0,K33="Rascunho"),"Pendência de TACH",IF(AND(C33>0,K33="NECESSÁRIO AJUSTAR"),"Pendência de TACH",IF(AND(C33>0,K33="Aguardando Aprovação"),"Sem Pendência de TACH",IF(AND(C33>0,K33="Aprovado"),"Sem Pendência de TACH",IF(AND(C33>0,KL="Finalizado"),"Pendência de TACH",IF(AND(C33>0,KL="Não Criado"),"Pendência de TACH",IF(AND(C33>0,KL="Rascunho"),"Pendência de TACH",IF(AND(C33>0,L33="NECESSÁRIO AJUSTAR"),"Pendência de TACH",IF(AND(C33>0,L33="Aguardando Aprovação"),"Sem Pendência de TACH",IF(AND(C33>0,L33="Aprovado"),"Sem Pendência de TACH"))))))))))))))))))))))))} -> #NAME?
N34: {=IF(AND(C34>0,I34="Finalizado"),"Pendência de TACH",IF(AND(C34>0,I34="Não Criado"),"Pendência de TACH",IF(AND(C34>0,I34="Rascunho"),"Pendência de TACH",IF(AND(C34>0,I34="NECESSÁRIO AJUSTAR"),"Pendência de TACH",IF(AND(C34>0,I34="Aguardando Aprovação"),"Sem Pendência de TACH",IF(AND(C34>0,I34="Aprovado"),"Sem Pendência de TACH",IF(AND(C34>0,J34="Finalizado"),"Pendência de TACH",IF(AND(C34>0,J34="Não Criado"),"Pendência de TACH",IF(AND(C34>0,J34="Rascunho"),"Pendência de TACH",IF(AND(C34>0,J34="NECESSÁRIO AJUSTAR"),"Pendência de TACH",IF(AND(C34>0,J34="Aguardando Aprovação"),"Sem Pendência de TACH",IF(AND(C34>0,J34="Aprovado"),"Sem Pendência de TACH",IF(AND(C34>0,K34="Finalizado"),"Pendência de TACH",IF(AND(C34>0,K34="Não Criado"),"Pendência de TACH",IF(AND(C34>0,K34="Rascunho"),"Pendência de TACH",IF(AND(C34>0,K34="NECESSÁRIO AJUSTAR"),"Pendência de TACH",IF(AND(C34>0,K34="Aguardando Aprovação"),"Sem Pendência de TACH",IF(AND(C34>0,K34="Aprovado"),"Sem Pendência de TACH",IF(AND(C34>0,KL="Finalizado"),"Pendência de TACH",IF(AND(C34>0,KL="Não Criado"),"Pendência de TACH",IF(AND(C34>0,KL="Rascunho"),"Pendência de TACH",IF(AND(C34>0,L34="NECESSÁRIO AJUSTAR"),"Pendência de TACH",IF(AND(C34>0,L34="Aguardando Aprovação"),"Sem Pendência de TACH",IF(AND(C34>0,L34="Aprovado"),"Sem Pendência de TACH"))))))))))))))))))))))))} -> #NAME?
... N58: {=IF(AND(C58>0,I58="Finalizado"),"Pendência de TACH",IF(AND(C58>0,I58="Não Criado"),"Pendência de TACH",IF(AND(C58>0,I58="Rascunho"),"Pendência de TACH",IF(AND(C58>0,I58="NECESSÁRIO AJUSTAR"),"Pendência de TACH",IF(AND(C58>0,I58="Aguardando Aprovação"),"Sem Pendência de TACH",IF(AND(C58>0,I58="Aprovado"),"Sem Pendência de TACH",IF(AND(C58>0,J58="Finalizado"),"Pendência de TACH",IF(AND(C58>0,J58="Não Criado"),"Pendência de TACH",IF(AND(C58>0,J58="Rascunho"),"Pendência de TACH",IF(AND(C58>0,J58="NECESSÁRIO AJUSTAR"),"Pendência de TACH",IF(AND(C58>0,J58="Aguardando Aprovação"),"Sem Pendência de TACH",IF(AND(C58>0,J58="Aprovado"),"Sem Pendência de TACH",IF(AND(C58>0,K58="Finalizado"),"Pendência de TACH",IF(AND(C58>0,K58="Não Criado"),"Pendência de TACH",IF(AND(C58>0,K58="Rascunho"),"Pendência de TACH",IF(AND(C58>0,K58="NECESSÁRIO AJUSTAR"),"Pendência de TACH",IF(AND(C58>0,K58="Aguardando Aprovação"),"Sem Pendência de TACH",IF(AND(C58>0,K58="Aprovado"),"Sem Pendência de TACH",IF(AND(C58>0,KL="Finalizado"),"Pendência de TACH",IF(AND(C58>0,KL="Não Criado"),"Pendência de TACH",IF(AND(C58>0,KL="Rascunho"),"Pendência de TACH",IF(AND(C58>0,L58="NECESSÁRIO AJUSTAR"),"Pendência de TACH",IF(AND(C58>0,L58="Aguardando Aprovação"),"Sem Pendência de TACH",IF(AND(C58>0,L58="Aprovado"),"Sem Pendência de TACH"))))))))))))))))))))))))} -> #NAME?

Sheet 15.06
A1: Matricula | B1: Nome docente | C1: CH total de contrato | D1: Horas a alocar | E1: Campus | F1: Curso | G1: Gera agenda | H1: Status 15/06 | I1: Status 16/06 | J1: Status 17/06 | K1: Status 18/06 | L1: Status 19/06 | M1: Resultado Agenda | N1: Resultado TACH
A2: 8306 | B2: ADALBERTO CARAMORI PETRY | C2: 2 | D2: 2 | E2: CAMPUS CURITIBA | F2: 4093 - DIREITO - ADM - CTBA (GRADUAÇÃO PRESENCIAL) | G2: SIM | H2: NÃO CRIADO | I2: NÃO CRIADO | J2: NÃO CRIADO | K2: NÃO CRIADO | L2: NÃO CRIADO | M2: =IF(AND(G2="SIM",D2>0),"Pendência de Agenda",IF(AND(G2="NÃO",D2=0),"Sem Pendência",IF(AND(G2="Sim",D2=0),"Sem Pendência",""))) -> Pendência de Agenda | N2: {=IF(AND(C2>0,I2="Finalizado"),"Pendência de TACH",IF(AND(C2>0,I2="Não Criado"),"Pendência de TACH",IF(AND(C2>0,I2="Rascunho"),"Pendência de TACH",IF(AND(C2>0,I2="NECESSÁRIO AJUSTAR"),"Pendência de TACH",IF(AND(C2>0,I2="Aguardando Aprovação"),"Sem Pendência de TACH",IF(AND(C2>0,I2="Aprovado"),"Sem Pendência de TACH",IF(AND(C2>0,K2="Finalizado"),"Pendência de TACH",IF(AND(C2>0,K2="Não Criado"),"Pendência de TACH",IF(AND(C2>0,K2="Rascunho"),"Pendência de TACH",IF(AND(C2>0,K2="NECESSÁRIO AJUSTAR"),"Pendência de TACH",IF(AND(C2>0,K2="Aguardando Aprovação"),"Sem Pendência de TACH",IF(AND(C2>0,K2="Aprovado"),"Sem Pendência de TACH",IF(AND(C2>0,#REF!="Finalizado"),"Pendência de TACH",IF(AND(C2>0,#REF!="Não Criado"),"Pendência de TACH",IF(AND(C2>0,#REF!="Rascunho"),"Pendência de TACH",IF(AND(C2>0,#REF!="NECESSÁRIO AJUSTAR"),"Pendência de TACH",IF(AND(C2>0,#REF!="Aguardando Aprovação"),"Sem Pendência de TACH",IF(AND(C2>0,#REF!="Aprovado"),"Sem Pendência de TACH",IF(AND(C2>0,KL="Finalizado"),"Pendência de TACH",IF(AND(C2>0,KL="Não Criado"),"Pendência de TACH",IF(AND(C2>0,KL="Rascunho"),"Pendência de TACH",IF(AND(C2>0,L2="NECESSÁRIO AJUSTAR"),"Pendência de TACH",IF(AND(C2>0,L2="Aguardando Aprovação"),"Sem Pendência de TACH",IF(AND(C2>0,L2="Aprovado"),"Sem Pendência de TACH"))))))))))))))))))))))))} -> Pendência de TACH
A3: 90013836 | B3: ANA LUIZA CHALUSNHAK | C3: 2 | D3: 2 | E3: CAMPUS CURITIBA | F3: 4093 - DIREITO - ADM - CTBA (GRADUAÇÃO PRESENCIAL) | G3: SIM | H3: FINALIZADO | I3: FINALIZADO | J3: FINALIZADO | K3: FINALIZADO | L3: FINALIZADO | M3: =IF(AND(G3="SIM",D3>0),"Pendência de Agenda",IF(AND(G3="NÃO",D3=0),"Sem Pendência",IF(AND(G3="Sim",D3=0),"Sem Pendência",""))) -> Pendência de Agenda | N3: {=IF(AND(C3>0,I3="Finalizado"),"Pendência de TACH",IF(AND(C3>0,I3="Não Criado"),"Pendência de TACH",IF(AND(C3>0,I3="Rascunho"),"Pendência de TACH",IF(AND(C3>0,I3="NECESSÁRIO AJUSTAR"),"Pendência de TACH",IF(AND(C3>0,I3="Aguardando Aprovação"),"Sem Pendência de TACH",IF(AND(C3>0,I3="Aprovado"),"Sem Pendência de TACH",IF(AND(C3>0,K3="Finalizado"),"Pendência de TACH",IF(AND(C3>0,K3="Não Criado"),"Pendência de TACH",IF(AND(C3>0,K3="Rascunho"),"Pendência de TACH",IF(AND(C3>0,K3="NECESSÁRIO AJUSTAR"),"Pendência de TACH",IF(AND(C3>0,K3="Aguardando Aprovação"),"Sem Pendência de TACH",IF(AND(C3>0,K3="Aprovado"),"Sem Pendência de TACH",IF(AND(C3>0,#REF!="Finalizado"),"Pendência de TACH",IF(AND(C3>0,#REF!="Não Criado"),"Pendência de TACH",IF(AND(C3>0,#REF!="Rascunho"),"Pendência de TACH",IF(AND(C3>0,#REF!="NECESSÁRIO AJUSTAR"),"Pendência de TACH",IF(AND(C3>0,#REF!="Aguardando Aprovação"),"Sem Pendência de TACH",IF(AND(C3>0,#REF!="Aprovado"),"Sem Pendência de TACH",IF(AND(C3>0,KL="Finalizado"),"Pendência de TACH",IF(AND(C3>0,KL="Não Criado"),"Pendência de TACH",IF(AND(C3>0,KL="Rascunho"),"Pendência de TACH",IF(AND(C3>0,L3="NECESSÁRIO AJUSTAR"),"Pendência de TACH",IF(AND(C3>0,L3="Aguardando Aprovação"),"Sem Pendência de TACH",IF(AND(C3>0,L3="Aprovado"),"Sem Pendência de TACH"))))))))))))))))))))))))} -> Pendência de TACH
A4: 90009703 | B4: ANDERSON NITSCHE | C4: 18 | D4: 18 | E4: CAMPUS CURITIBA | F4: 3541 - MEDICINA - ADM - CTBA (GRADUAÇÃO PRESENCIAL) | G4: SIM | H4: RASCUNHO | I4: RASCUNHO | J4: RASCUNHO | K4: RASCUNHO | L4: RASCUNHO | M4: =IF(AND(G4="SIM",D4>0),"Pendência de Agenda",IF(AND(G4="NÃO",D4=0),"Sem Pendência",IF(AND(G4="Sim",D4=0),"Sem Pendência",""))) -> Pendência de Agenda | N4: {=IF(AND(C4>0,I4="Finalizado"),"Pendência de TACH",IF(AND(C4>0,I4="Não Criado"),"Pendência de TACH",IF(AND(C4>0,I4="Rascunho"),"Pendência de TACH",IF(AND(C4>0,I4="NECESSÁRIO AJUSTAR"),"Pendência de TACH",IF(AND(C4>0,I4="Aguardando Aprovação"),"Sem Pendência de TACH",IF(AND(C4>0,I4="Aprovado"),"Sem Pendência de TACH",IF(AND(C4>0,K4="Finalizado"),"Pendência de TACH",IF(AND(C4>0,K4="Não Criado"),"Pendência de TACH",IF(AND(C4>0,K4="Rascunho"),"Pendência de TACH",IF(AND(C4>0,K4="NECESSÁRIO AJUSTAR"),"Pendência de TACH",IF(AND(C4>0,K4="Aguardando Aprovação"),"Sem Pendência de TACH",IF(AND(C4>0,K4="Aprovado"),"Sem Pendência de TACH",IF(AND(C4>0,#REF!="Finalizado"),"Pendência de TACH",IF(AND(C4>0,#REF!="Não Criado"),"Pendência de TACH",IF(AND(C4>0,#REF!="Rascunho"),"Pendência de TACH",IF(AND(C4>0,#REF!="NECESSÁRIO AJUSTAR"),"Pendência de TACH",IF(AND(C4>0,#REF!="Aguardando Aprovação"),"Sem Pendência de TACH",IF(AND(C4>0,#REF!="Aprovado"),"Sem Pendência de TACH",IF(AND(C4>0,KL="Finalizado"),"Pendência de TACH",IF(AND(C4>0,KL="Não Criado"),"Pendência de TACH",IF(AND(C4>0,KL="Rascunho"),"Pendência de TACH",IF(AND(C4>0,L4="NECESSÁRIO AJUSTAR"),"Pendência de TACH",IF(AND(C4>0,L4="Aguardando Aprovação"),"Sem Pendência de TACH",IF(AND(C4>0,L4="Aprovado"),"Sem Pendência de TACH"))))))))))))))))))))))))} -> Pendência de TACH
A5: 90005226 | B5: CESAR RIBEIRO ZUCCOLI | C5: 14 | D5: 14 | E5: CAMPUS LONDRINA | F5: 105237 - MEDICINA - ADM - LDN (GRADUAÇÃO PRESENCIAL) | G5: SIM | H5: APROVADO | I5: APROVADO | J5: APROVADO | K5: APROVADO | L5: APROVADO | M5: =IF(AND(G5="SIM",D5>0),"Pendência de Agenda",IF(AND(G5="NÃO",D5=0),"Sem Pendência",IF(AND(G5="Sim",D5=0),"Sem Pendência",""))) -> Pendência de Agenda | N5: {=IF(AND(C5>0,I5="Finalizado"),"Pendência de TACH",IF(AND(C5>0,I5="Não Criado"),"Pendência de TACH",IF(AND(C5>0,I5="Rascunho"),"Pendência de TACH",IF(AND(C5>0,I5="NECESSÁRIO AJUSTAR"),"Pendência de TACH",IF(AND(C5>0,I5="Aguardando Aprovação"),"Sem Pendência de TACH",IF(AND(C5>0,I5="Aprovado"),"Sem Pendência de TACH",IF(AND(C5>0,K5="Finalizado"),"Pendência de TACH",IF(AND(C5>0,K5="Não Criado"),"Pendência de TACH",IF(AND(C5>0,K5="Rascunho"),"Pendência de TACH",IF(AND(C5>0,K5="NECESSÁRIO AJUSTAR"),"Pendência de TACH",IF(AND(C5>0,K5="Aguardando Aprovação"),"Sem Pendência de TACH",IF(AND(C5>0,K5="Aprovado"),"Sem Pendência de TACH",IF(AND(C5>0,#REF!="Finalizado"),"Pendência de TACH",IF(AND(C5>0,#REF!="Não Criado"),"Pendência de TACH",IF(AND(C5>0,#REF!="Rascunho"),"Pendência de TACH",IF(AND(C5>0,#REF!="NECESSÁRIO AJUSTAR"),"Pendência de TACH",IF(AND(C5>0,#REF!="Aguardando Aprovação"),"Sem Pendência de TACH",IF(AND(C5>0,#REF!="Aprovado"),"Sem Pendência de TACH",IF(AND(C5>0,KL="Finalizado"),"Pendência de TACH",IF(AND(C5>0,KL="Não Criado"),"Pendência de TACH",IF(AND(C5>0,KL="Rascunho"),"Pendência de TACH",IF(AND(C5>0,L5="NECESSÁRIO AJUSTAR"),"Pendência de TACH",IF(AND(C5>0,L5="Aguardando Aprovação"),"Sem Pendência de TACH",IF(AND(C5>0,L5="Aprovado"),"Sem Pendência de TACH"))))))))))))))))))))))))} -> Sem Pendência de TACH
A6: 90013955 | B6: EMILE FERNANDES SPINASSI TEIXEIRA | C6: 3 | D6: 3 | E6: CAMPUS CURITIBA | F6: 3541 - MEDICINA - ADM - CTBA (GRADUAÇÃO PRESENCIAL) | G6: SIM | H6: AGUARDANDO APROVAÇÃO | I6: AGUARDANDO APROVAÇÃO | J6: AGUARDANDO APROVAÇÃO | K6: AGUARDANDO APROVAÇÃO | L6: AGUARDANDO APROVAÇÃO | M6: =IF(AND(G6="SIM",D6>0),"Pendência de Agenda",IF(AND(G6="NÃO",D6=0),"Sem Pendência",IF(AND(G6="Sim",D6=0),"Sem Pendência",""))) -> Pendência de Agenda | N6: {=IF(AND(C6>0,I6="Finalizado"),"Pendência de TACH",IF(AND(C6>0,I6="Não Criado"),"Pendência de TACH",IF(AND(C6>0,I6="Rascunho"),"Pendência de TACH",IF(AND(C6>0,I6="NECESSÁRIO AJUSTAR"),"Pendência de TACH",IF(AND(C6>0,I6="Aguardando Aprovação"),"Sem Pendência de TACH",IF(AND(C6>0,I6="Aprovado"),"Sem Pendência de TACH",IF(AND(C6>0,K6="Finalizado"),"Pendência de TACH",IF(AND(C6>0,K6="Não Criado"),"Pendência de TACH",IF(AND(C6>0,K6="Rascunho"),"Pendência de TACH",IF(AND(C6>0,K6="NECESSÁRIO AJUSTAR"),"Pendência de TACH",IF(AND(C6>0,K6="Aguardando Aprovação"),"Sem Pendência de TACH",IF(AND(C6>0,K6="Aprovado"),"Sem Pendência de TACH",IF(AND(C6>0,#REF!="Finalizado"),"Pendência de TACH",IF(AND(C6>0,#REF!="Não Criado"),"Pendência de TACH",IF(AND(C6>0,#REF!="Rascunho"),"Pendência de TACH",IF(AND(C6>0,#REF!="NECESSÁRIO AJUSTAR"),"Pendência de TACH",IF(AND(C6>0,#REF!="Aguardando Aprovação"),"Sem Pendência de TACH",IF(AND(C6>0,#REF!="Aprovado"),"Sem Pendência de TACH",IF(AND(C6>0,KL="Finalizado"),"Pendência de TACH",IF(AND(C6>0,KL="Não Criado"),"Pendência de TACH",IF(AND(C6>0,KL="Rascunho"),"Pendência de TACH",IF(AND(C6>0,L6="NECESSÁRIO AJUSTAR"),"Pendência de TACH",IF(AND(C6>0,L6="Aguardando Aprovação"),"Sem Pendência de TACH",IF(AND(C6>0,L6="Aprovado"),"Sem Pendência de TACH"))))))))))))))))))))))))} -> Sem Pendência de TACH
A7: 90010315 | B7: FERNANDA CATAFESTA UTZUMI | C7: 20 | D7: 20 | E7: CAMPUS LONDRINA | F7: 105237 - MEDICINA - ADM - LDN (GRADUAÇÃO PRESENCIAL) | G7: SIM | H7: APROVADO | I7: APROVADO | J7: APROVADO | K7: APROVADO | L7: APROVADO | M7: =IF(AND(G7="SIM",D7>0),"Pendência de Agenda",IF(AND(G7="NÃO",D7=0),"Sem Pendência",IF(AND(G7="Sim",D7=0),"Sem Pendência",""))) -> Pendência de Agenda | N7: {=IF(AND(C7>0,I7="Finalizado"),"Pendência de TACH",IF(AND(C7>0,I7="Não Criado"),"Pendência de TACH",IF(AND(C7>0,I7="Rascunho"),"Pendência de TACH",IF(AND(C7>0,I7="NECESSÁRIO AJUSTAR"),"Pendência de TACH",IF(AND(C7>0,I7="Aguardando Aprovação"),"Sem Pendência de TACH",IF(AND(C7>0,I7="Aprovado"),"Sem Pendência de TACH",IF(AND(C7>0,K7="Finalizado"),"Pendência de TACH",IF(AND(C7>0,K7="Não Criado"),"Pendência de TACH",IF(AND(C7>0,K7="Rascunho"),"Pendência de TACH",IF(AND(C7>0,K7="NECESSÁRIO AJUSTAR"),"Pendência de TACH",IF(AND(C7>0,K7="Aguardando Aprovação"),"Sem Pendência de TACH",IF(AND(C7>0,K7="Aprovado"),"Sem Pendência de TACH",IF(AND(C7>0,#REF!="Finalizado"),"Pendência de TACH",IF(AND(C7>0,#REF!="Não Criado"),"Pendência de TACH",IF(AND(C7>0,#REF!="Rascunho"),"Pendência de TACH",IF(AND(C7>0,#REF!="NECESSÁRIO AJUSTAR"),"Pendência de TACH",IF(AND(C7>0,#REF!="Aguardando Aprovação"),"Sem Pendência de TACH",IF(AND(C7>0,#REF!="Aprovado"),"Sem Pendência de TACH",IF(AND(C7>0,KL="Finalizado"),"Pendência de TACH",IF(AND(C7>0,KL="Não Criado"),"Pendência de TACH",IF(AND(C7>0,KL="Rascunho"),"Pendência de TACH",IF(AND(C7>0,L7="NECESSÁRIO AJUSTAR"),"Pendência de TACH",IF(AND(C7>0,L7="Aguardando Aprovação"),"Sem Pendência de TACH",IF(AND(C7>0,L7="Aprovado"),"Sem Pendência de TACH"))))))))))))))))))))))))} -> Sem Pendência de TACH
A8: 90003306 | B8: HORACIO ALVARENGA MOREIRA | C8: 8 | D8: 8 | E8: CAMPUS LONDRINA | F8: 105237 - MEDICINA - ADM - LDN (GRADUAÇÃO PRESENCIAL) | G8: SIM | H8: NÃO CRIADO | I8: APROVADO | J8: APROVADO | K8: APROVADO | L8: APROVADO | M8: =IF(AND(G8="SIM",D8>0),"Pendência de Agenda",IF(AND(G8="NÃO",D8=0),"Sem Pendência",IF(AND(G8="Sim",D8=0),"Sem Pendência",""))) -> Pendência de Agenda | N8: {=IF(AND(C8>0,I8="Finalizado"),"Pendência de TACH",IF(AND(C8>0,I8="Não Criado"),"Pendência de TACH",IF(AND(C8>0,I8="Rascunho"),"Pendência de TACH",IF(AND(C8>0,I8="NECESSÁRIO AJUSTAR"),"Pendência de TACH",IF(AND(C8>0,I8="Aguardando Aprovação"),"Sem Pendência de TACH",IF(AND(C8>0,I8="Aprovado"),"Sem Pendência de TACH",IF(AND(C8>0,K8="Finalizado"),"Pendência de TACH",IF(AND(C8>0,K8="Não Criado"),"Pendência de TACH",IF(AND(C8>0,K8="Rascunho"),"Pendência de TACH",IF(AND(C8>0,K8="NECESSÁRIO AJUSTAR"),"Pendência de TACH",IF(AND(C8>0,K8="Aguardando Aprovação"),"Sem Pendência de TACH",IF(AND(C8>0,K8="Aprovado"),"Sem Pendência de TACH",IF(AND(C8>0,#REF!="Finalizado"),"Pendência de TACH",IF(AND(C8>0,#REF!="Não Criado"),"Pendência de TACH",IF(AND(C8>0,#REF!="Rascunho"),"Pendência de TACH",IF(AND(C8>0,#REF!="NECESSÁRIO AJUSTAR"),"Pendência de TACH",IF(AND(C8>0,#REF!="Aguardando Aprovação"),"Sem Pendência de TACH",IF(AND(C8>0,#REF!="Aprovado"),"Sem Pendência de TACH",IF(AND(C8>0,KL="Finalizado"),"Pendência de TACH",IF(AND(C8>0,KL="Não Criado"),"Pendência de TACH",IF(AND(C8>0,KL="Rascunho"),"Pendência de TACH",IF(AND(C8>0,L8="NECESSÁRIO AJUSTAR"),"Pendência de TACH",IF(AND(C8>0,L8="Aguardando Aprovação"),"Sem Pendência de TACH",IF(AND(C8>0,L8="Aprovado"),"Sem Pendência de TACH"))))))))))))))))))))))))} -> Sem Pendência de TACH
A9: 23702 | B9: HUMBERTO MACIEL FRANCA MADEIRA | C9: 22 | D9: 22 | E9: CAMPUS CURITIBA | F9: 103572 - BIOTECNOLOGIA - ADM - CTBA (GRADUAÇÃO PRESENCIAL) | G9: SIM | H9: APROVADO | I9: APROVADO | J9: APROVADO | K9: APROVADO | L9: APROVADO | M9: =IF(AND(G9="SIM",D9>0),"Pendência de Agenda",IF(AND(G9="NÃO",D9=0),"Sem Pendência",IF(AND(G9="Sim",D9=0),"Sem Pendência",""))) -> Pendência de Agenda | N9: {=IF(AND(C9>0,I9="Finalizado"),"Pendência de TACH",IF(AND(C9>0,I9="Não Criado"),"Pendência de TACH",IF(AND(C9>0,I9="Rascunho"),"Pendência de TACH",IF(AND(C9>0,I9="NECESSÁRIO AJUSTAR"),"Pendência de TACH",IF(AND(C9>0,I9="Aguardando Aprovação"),"Sem Pendência de TACH",IF(AND(C9>0,I9="Aprovado"),"Sem Pendência de TACH",IF(AND(C9>0,K9="Finalizado"),"Pendência de TACH",IF(AND(C9>0,K9="Não Criado"),"Pendência de TACH",IF(AND(C9>0,K9="Rascunho"),"Pendência de TACH",IF(AND(C9>0,K9="NECESSÁRIO AJUSTAR"),"Pendência de TACH",IF(AND(C9>0,K9="Aguardando Aprovação"),"Sem Pendência de TACH",IF(AND(C9>0,K9="Aprovado"),"Sem Pendência de TACH",IF(AND(C9>0,#REF!="Finalizado"),"Pendência de TACH",IF(AND(C9>0,#REF!="Não Criado"),"Pendência de TACH",IF(AND(C9>0,#REF!="Rascunho"),"Pendência de TACH",IF(AND(C9>0,#REF!="NECESSÁRIO AJUSTAR"),"Pendência de TACH",IF(AND(C9>0,#REF!="Aguardando Aprovação"),"Sem Pendência de TACH",IF(AND(C9>0,#REF!="Aprovado"),"Sem Pendência de TACH",IF(AND(C9>0,KL="Finalizado"),"Pendência de TACH",IF(AND(C9>0,KL="Não Criado"),"Pendência de TACH",IF(AND(C9>0,KL="Rascunho"),"Pendência de TACH",IF(AND(C9>0,L9="NECESSÁRIO AJUSTAR"),"Pendência de TACH",IF(AND(C9>0,L9="Aguardando Aprovação"),"Sem Pendência de TACH",IF(AND(C9>0,L9="Aprovado"),"Sem Pendência de TACH"))))))))))))))))))))))))} -> Sem Pendência de TACH
A10: 90013958 | B10: JEFERSON DA COSTA VAZ | C10: 2 | D10: 2 | E10: CAMPUS CURITIBA | F10: 4267 - FILOSOFIA - ADM - CTBA (GRADUAÇÃO PRESENCIAL) | G10: SIM | H10: NÃO CRIADO | I10: NÃO CRIADO | J10: NÃO CRIADO | K10: NÃO CRIADO | L10: NÃO CRIADO | M10: =IF(AND(G10="SIM",D10>0),"Pendência de Agenda",IF(AND(G10="NÃO",D10=0),"Sem Pendência",IF(AND(G10="Sim",D10=0),"Sem Pendência",""))) -> Pendência de Agenda | N10: {=IF(AND(C10>0,I10="Finalizado"),"Pendência de TACH",IF(AND(C10>0,I10="Não Criado"),"Pendência de TACH",IF(AND(C10>0,I10="Rascunho"),"Pendência de TACH",IF(AND(C10>0,I10="NECESSÁRIO AJUSTAR"),"Pendência de TACH",IF(AND(C10>0,I10="Aguardando Aprovação"),"Sem Pendência de TACH",IF(AND(C10>0,I10="Aprovado"),"Sem Pendência de TACH",IF(AND(C10>0,K10="Finalizado"),"Pendência de TACH",IF(AND(C10>0,K10="Não Criado"),"Pendência de TACH",IF(AND(C10>0,K10="Rascunho"),"Pendência de TACH",IF(AND(C10>0,K10="NECESSÁRIO AJUSTAR"),"Pendência de TACH",IF(AND(C10>0,K10="Aguardando Aprovação"),"Sem Pendência de TACH",IF(AND(C10>0,K10="Aprovado"),"Sem Pendência de TACH",IF(AND(C10>0,#REF!="Finalizado"),"Pendência de TACH",IF(AND(C10>0,#REF!="Não Criado"),"Pendência de TACH",IF(AND(C10>0,#REF!="Rascunho"),"Pendência de TACH",IF(AND(C10>0,#REF!="NECESSÁRIO AJUSTAR"),"Pendência de TACH",IF(AND(C10>0,#REF!="Aguardando Aprovação"),"Sem Pendência de TACH",IF(AND(C10>0,#REF!="Aprovado"),"Sem Pendência de TACH",IF(AND(C10>0,KL="Finalizado"),"Pendência de TACH",IF(AND(C10>0,KL="Não Criado"),"Pendência de TACH",IF(AND(C10>0,KL="Rascunho"),"Pendência de TACH",IF(AND(C10>0,L10="NECESSÁRIO AJUSTAR"),"Pendência de TACH",IF(AND(C10>0,L10="Aguardando Aprovação"),"Sem Pendência de TACH",IF(AND(C10>0,L10="Aprovado"),"Sem Pendência de TACH"))))))))))))))))))))))))} -> Pendência de TACH
A11: 90005652 | B11: JULIANA CONCEICAO NOSCHANG DA COSTA | C11: 36 | D11: 3 | E11: CAMPUS CURITIBA | F11: 103371 - MARKETING - ADM - CTBA (GRADUAÇÃO PRESENCIAL) | G11: SIM | H11: APROVADO | I11: APROVADO | J11: APROVADO | K11: APROVADO | L11: APROVADO | M11: =IF(AND(G11="SIM",D11>0),"Pendência de Agenda",IF(AND(G11="NÃO",D11=0),"Sem Pendência",IF(AND(G11="Sim",D11=0),"Sem Pendência",""))) -> Pendência de Agenda | N11: {=IF(AND(C11>0,I11="Finalizado"),"Pendência de TACH",IF(AND(C11>0,I11="Não Criado"),"Pendência de TACH",IF(AND(C11>0,I11="Rascunho"),"Pendência de TACH",IF(AND(C11>0,I11="NECESSÁRIO AJUSTAR"),"Pendência de TACH",IF(AND(C11>0,I11="Aguardando Aprovação"),"Sem Pendência de TACH",IF(AND(C11>0,I11="Aprovado"),"Sem Pendência de TACH",IF(AND(C11>0,K11="Finalizado"),"Pendência de TACH",IF(AND(C11>0,K11="Não Criado"),"Pendência de TACH",IF(AND(C11>0,K11="Rascunho"),"Pendência de TACH",IF(AND(C11>0,K11="NECESSÁRIO AJUSTAR"),"Pendência de TACH",IF(AND(C11>0,K11="Aguardando Aprovação"),"Sem Pendência de TACH",IF(AND(C11>0,K11="Aprovado"),"Sem Pendência de TACH",IF(AND(C11>0,#REF!="Finalizado"),"Pendência de TACH",IF(AND(C11>0,#REF!="Não Criado"),"Pendência de TACH",IF(AND(C11>0,#REF!="Rascunho"),"Pendência de TACH",IF(AND(C11>0,#REF!="NECESSÁRIO AJUSTAR"),"Pendência de TACH",IF(AND(C11>0,#REF!="Aguardando Aprovação"),"Sem Pendência de TACH",IF(AND(C11>0,#REF!="Aprovado"),"Sem Pendência de TACH",IF(AND(C11>0,KL="Finalizado"),"Pendência de TACH",IF(AND(C11>0,KL="Não Criado"),"Pendência de TACH",IF(AND(C11>0,KL="Rascunho"),"Pendência de TACH",IF(AND(C11>0,L11="NECESSÁRIO AJUSTAR"),"Pendência de TACH",IF(AND(C11>0,L11="Aguardando Aprovação"),"Sem Pendência de TACH",IF(AND(C11>0,L11="Aprovado"),"Sem Pendência de TACH"))))))))))))))))))))))))} -> Sem Pendência de TACH
A12: 90001409 | B12: LUIZ CARLOS CANTANHEDE FERNANDES JUNIOR | C12: 20 | D12: 20 | E12: CAMPUS LONDRINA | F12: 105237 - MEDICINA - ADM - LDN (GRADUAÇÃO PRESENCIAL) | G12: SIM | H12: NÃO CRIADO | I12: NÃO CRIADO | J12: NÃO CRIADO | K12: NÃO CRIADO | L12: NÃO CRIADO | M12: =IF(AND(G12="SIM",D12>0),"Pendência de Agenda",IF(AND(G12="NÃO",D12=0),"Sem Pendência",IF(AND(G12="Sim",D12=0),"Sem Pendência",""))) -> Pendência de Agenda | N12: {=IF(AND(C12>0,I12="Finalizado"),"Pendência de TACH",IF(AND(C12>0,I12="Não Criado"),"Pendência de TACH",IF(AND(C12>0,I12="Rascunho"),"Pendência de TACH",IF(AND(C12>0,I12="NECESSÁRIO AJUSTAR"),"Pendência de TACH",IF(AND(C12>0,I12="Aguardando Aprovação"),"Sem Pendência de TACH",IF(AND(C12>0,I12="Aprovado"),"Sem Pendência de TACH",IF(AND(C12>0,K12="Finalizado"),"Pendência de TACH",IF(AND(C12>0,K12="Não Criado"),"Pendência de TACH",IF(AND(C12>0,K12="Rascunho"),"Pendência de TACH",IF(AND(C12>0,K12="NECESSÁRIO AJUSTAR"),"Pendência de TACH",IF(AND(C12>0,K12="Aguardando Aprovação"),"Sem Pendência de TACH",IF(AND(C12>0,K12="Aprovado"),"Sem Pendência de TACH",IF(AND(C12>0,#REF!="Finalizado"),"Pendência de TACH",IF(AND(C12>0,#REF!="Não Criado"),"Pendência de TACH",IF(AND(C12>0,#REF!="Rascunho"),"Pendência de TACH",IF(AND(C12>0,#REF!="NECESSÁRIO AJUSTAR"),"Pendência de TACH",IF(AND(C12>0,#REF!="Aguardando Aprovação"),"Sem Pendência de TACH",IF(AND(C12>0,#REF!="Aprovado"),"Sem Pendência de TACH",IF(AND(C12>0,KL="Finalizado"),"Pendência de TACH",IF(AND(C12>0,KL="Não Criado"),"Pendência de TACH",IF(AND(C12>0,KL="Rascunho"),"Pendência de TACH",IF(AND(C12>0,L12="NECESSÁRIO AJUSTAR"),"Pendência de TACH",IF(AND(C12>0,L12="Aguardando Aprovação"),"Sem Pendência de TACH",IF(AND(C12>0,L12="Aprovado"),"Sem Pendência de TACH"))))))))))))))))))))))))} -> Pendência de TACH
A13: 90009989 | B13: MANOEL VALERIO DA SILVEIRA NETO | C13: 2 | D13: 2 | E13: CAMPUS CURITIBA | F13: 103974 - ENGENHARIA DE SOFTWARE - ADM - CTBA (GRADUAÇÃO PRESENCIAL) | G13: SIM | H13: APROVADO | I13: APROVADO | J13: APROVADO | K13: APROVADO | L13: APROVADO | M13: =IF(AND(G13="SIM",D13>0),"Pendência de Agenda",IF(AND(G13="NÃO",D13=0),"Sem Pendência",IF(AND(G13="Sim",D13=0),"Sem Pendência",""))) -> Pendência de Agenda | N13: {=IF(AND(C13>0,I13="Finalizado"),"Pendência de TACH",IF(AND(C13>0,I13="Não Criado"),"Pendência de TACH",IF(AND(C13>0,I13="Rascunho"),"Pendência de TACH",IF(AND(C13>0,I13="NECESSÁRIO AJUSTAR"),"Pendência de TACH",IF(AND(C13>0,I13="Aguardando Aprovação"),"Sem Pendência de TACH",IF(AND(C13>0,I13="Aprovado"),"Sem Pendência de TACH",IF(AND(C13>0,K13="Finalizado"),"Pendência de TACH",IF(AND(C13>0,K13="Não Criado"),"Pendência de TACH",IF(AND(C13>0,K13="Rascunho"),"Pendência de TACH",IF(AND(C13>0,K13="NECESSÁRIO AJUSTAR"),"Pendência de TACH",IF(AND(C13>0,K13="Aguardando Aprovação"),"Sem Pendência de TACH",IF(AND(C13>0,K13="Aprovado"),"Sem Pendência de TACH",IF(AND(C13>0,#REF!="Finalizado"),"Pendência de TACH",IF(AND(C13>0,#REF!="Não Criado"),"Pendência de TACH",IF(AND(C13>0,#REF!="Rascunho"),"Pendência de TACH",IF(AND(C13>0,#REF!="NECESSÁRIO AJUSTAR"),"Pendência de TACH",IF(AND(C13>0,#REF!="Aguardando Aprovação"),"Sem Pendência de TACH",IF(AND(C13>0,#REF!="Aprovado"),"Sem Pendência de TACH",IF(AND(C13>0,KL="Finalizado"),"Pendência de TACH",IF(AND(C13>0,KL="Não Criado"),"Pendência de TACH",IF(AND(C13>0,KL="Rascunho"),"Pendência de TACH",IF(AND(C13>0,L13="NECESSÁRIO AJUSTAR"),"Pendência de TACH",IF(AND(C13>0,L13="Aguardando Aprovação"),"Sem Pendência de TACH",IF(AND(C13>0,L13="Aprovado"),"Sem Pendência de TACH"))))))))))))))))))))))))} -> Sem Pendência de TACH
... A21: 90010954 | B21: RUI BOCCHINO MACEDO | C21: 12 | D21: 12 | E21: CAMPUS CURITIBA | F21: 3541 - MEDICINA - ADM - CTBA (GRADUAÇÃO PRESENCIAL) | G21: SIM | H21: NÃO CRIADO | I21: NÃO CRIADO | J21: NÃO CRIADO | K21: NÃO CRIADO | L21: NÃO CRIADO | M21: =IF(AND(G21="SIM",D21>0),"Pendência de Agenda",IF(AND(G21="NÃO",D21=0),"Sem Pendência",IF(AND(G21="Sim",D21=0),"Sem Pendência",""))) -> Pendência de Agenda | N21: {=IF(AND(C21>0,I21="Finalizado"),"Pendência de TACH",IF(AND(C21>0,I21="Não Criado"),"Pendência de TACH",IF(AND(C21>0,I21="Rascunho"),"Pendência de TACH",IF(AND(C21>0,I21="NECESSÁRIO AJUSTAR"),"Pendência de TACH",IF(AND(C21>0,I21="Aguardando Aprovação"),"Sem Pendência de TACH",IF(AND(C21>0,I21="Aprovado"),"Sem Pendência de TACH",IF(AND(C21>0,K21="Finalizado"),"Pendência de TACH",IF(AND(C21>0,K21="Não Criado"),"Pendência de TACH",IF(AND(C21>0,K21="Rascunho"),"Pendência de TACH",IF(AND(C21>0,K21="NECESSÁRIO AJUSTAR"),"Pendência de TACH",IF(AND(C21>0,K21="Aguardando Aprovação"),"Sem Pendência de TACH",IF(AND(C21>0,K21="Aprovado"),"Sem Pendência de TACH",IF(AND(C21>0,#REF!="Finalizado"),"Pendência de TACH",IF(AND(C21>0,#REF!="Não Criado"),"Pendência de TACH",IF(AND(C21>0,#REF!="Rascunho"),"Pendência de TACH",IF(AND(C21>0,#REF!="NECESSÁRIO AJUSTAR"),"Pendência de TACH",IF(AND(C21>0,#REF!="Aguardando Aprovação"),"Sem Pendência de TACH",IF(AND(C21>0,#REF!="Aprovado"),"Sem Pendência de TACH",IF(AND(C21>0,KL="Finalizado"),"Pendência de TACH",IF(AND(C21>0,KL="Não Criado"),"Pendência de TACH",IF(AND(C21>0,KL="Rascunho"),"Pendência de TACH",IF(AND(C21>0,L21="NECESSÁRIO AJUSTAR"),"Pendência de TACH",IF(AND(C21>0,L21="Aguardando Aprovação"),"Sem Pendência de TACH",IF(AND(C21>0,L21="Aprovado"),"Sem Pendência de TACH"))))))))))))))))))))))))} -> Pendência de TACH
A22: 29942 | B22: ALINE TANCLER STIPP | C22: 18 | D22: 0 | E22: CAMPUS LONDRINA | F22: 105237 - Medicina - Adm - LDN (Graduação Presencial) | G22: NÃO | H22: FINALIZADO | I22: FINALIZADO | J22: FINALIZADO | K22: FINALIZADO | L22: FINALIZADO | M22: =IF(AND(G22="SIM",D22>0),"Pendência de Agenda",IF(AND(G22="NÃO",D22=0),"Sem Pendência",IF(AND(G22="Sim",D22=0),"Sem Pendência",""))) -> Sem Pendência | N22: {=IF(AND(C22>0,I22="Finalizado"),"Pendência de TACH",IF(AND(C22>0,I22="Não Criado"),"Pendência de TACH",IF(AND(C22>0,I22="Rascunho"),"Pendência de TACH",IF(AND(C22>0,I22="NECESSÁRIO AJUSTAR"),"Pendência de TACH",IF(AND(C22>0,I22="Aguardando Aprovação"),"Sem Pendência de TACH",IF(AND(C22>0,I22="Aprovado"),"Sem Pendência de TACH",IF(AND(C22>0,K22="Finalizado"),"Pendência de TACH",IF(AND(C22>0,K22="Não Criado"),"Pendência de TACH",IF(AND(C22>0,K22="Rascunho"),"Pendência de TACH",IF(AND(C22>0,K22="NECESSÁRIO AJUSTAR"),"Pendência de TACH",IF(AND(C22>0,K22="Aguardando Aprovação"),"Sem Pendência de TACH",IF(AND(C22>0,K22="Aprovado"),"Sem Pendência de TACH",IF(AND(C22>0,#REF!="Finalizado"),"Pendência de TACH",IF(AND(C22>0,#REF!="Não Criado"),"Pendência de TACH",IF(AND(C22>0,#REF!="Rascunho"),"Pendência de TACH",IF(AND(C22>0,#REF!="NECESSÁRIO AJUSTAR"),"Pendência de TACH",IF(AND(C22>0,#REF!="Aguardando Aprovação"),"Sem Pendência de TACH",IF(AND(C22>0,#REF!="Aprovado"),"Sem Pendência de TACH",IF(AND(C22>0,KL="Finalizado"),"Pendência de TACH",IF(AND(C22>0,KL="Não Criado"),"Pendência de TACH",IF(AND(C22>0,KL="Rascunho"),"Pendência de TACH",IF(AND(C22>0,L22="NECESSÁRIO AJUSTAR"),"Pendência de TACH",IF(AND(C22>0,L22="Aguardando Aprovação"),"Sem Pendência de TACH",IF(AND(C22>0,L22="Aprovado"),"Sem Pendência de TACH"))))))))))))))))))))))))} -> Pendência de TACH
A23: 20244 | B23: CAMILA AMENT GIULIANI DOS SANTOS FRANCO | C23: 34 | D23: 0 | E23: CAMPUS CURITIBA | F23: 3541 - Medicina - Adm - CTBA (Graduação Presencial) | G23: NÃO | H23: FINALIZADO | I23: FINALIZADO | J23: FINALIZADO | K23: FINALIZADO | L23: FINALIZADO | M23: =IF(AND(G23="SIM",D23>0),"Pendência de Agenda",IF(AND(G23="NÃO",D23=0),"Sem Pendência",IF(AND(G23="Sim",D23=0),"Sem Pendência",""))) -> Sem Pendência | N23: {=IF(AND(C23>0,I23="Finalizado"),"Pendência de TACH",IF(AND(C23>0,I23="Não Criado"),"Pendência de TACH",IF(AND(C23>0,I23="Rascunho"),"Pendência de TACH",IF(AND(C23>0,I23="NECESSÁRIO AJUSTAR"),"Pendência de TACH",IF(AND(C23>0,I23="Aguardando Aprovação"),"Sem Pendência de TACH",IF(AND(C23>0,I23="Aprovado"),"Sem Pendência de TACH",IF(AND(C23>0,K23="Finalizado"),"Pendência de TACH",IF(AND(C23>0,K23="Não Criado"),"Pendência de TACH",IF(AND(C23>0,K23="Rascunho"),"Pendência de TACH",IF(AND(C23>0,K23="NECESSÁRIO AJUSTAR"),"Pendência de TACH",IF(AND(C23>0,K23="Aguardando Aprovação"),"Sem Pendência de TACH",IF(AND(C23>0,K23="Aprovado"),"Sem Pendência de TACH",IF(AND(C23>0,#REF!="Finalizado"),"Pendência de TACH",IF(AND(C23>0,#REF!="Não Criado"),"Pendência de TACH",IF(AND(C23>0,#REF!="Rascunho"),"Pendência de TACH",IF(AND(C23>0,#REF!="NECESSÁRIO AJUSTAR"),"Pendência de TACH",IF(AND(C23>0,#REF!="Aguardando Aprovação"),"Sem Pendência de TACH",IF(AND(C23>0,#REF!="Aprovado"),"Sem Pendência de TACH",IF(AND(C23>0,KL="Finalizado"),"Pendência de TACH",IF(AND(C23>0,KL="Não Criado"),"Pendência de TACH",IF(AND(C23>0,KL="Rascunho"),"Pendência de TACH",IF(AND(C23>0,L23="NECESSÁRIO AJUSTAR"),"Pendência de TACH",IF(AND(C23>0,L23="Aguardando Aprovação"),"Sem Pendência de TACH",IF(AND(C23>0,L23="Aprovado"),"Sem Pendência de TACH"))))))))))))))))))))))))} -> Pendência de TACH
A24: 4717 | B24: LUIZ ALBERTO BLANCHET | C24: 28 | D24: 0 | E24: CAMPUS CURITIBA | F24: 4093 - Direito - Adm - CTBA (Graduação Presencial) | G24: NÃO | H24: FINALIZADO | I24: FINALIZADO | J24: FINALIZADO | K24: FINALIZADO | L24: FINALIZADO | M24: =IF(AND(G24="SIM",D24>0),"Pendência de Agenda",IF(AND(G24="NÃO",D24=0),"Sem Pendência",IF(AND(G24="Sim",D24=0),"Sem Pendência",""))) -> Sem Pendência | N24: {=IF(AND(C24>0,I24="Finalizado"),"Pendência de TACH",IF(AND(C24>0,I24="Não Criado"),"Pendência de TACH",IF(AND(C24>0,I24="Rascunho"),"Pendência de TACH",IF(AND(C24>0,I24="NECESSÁRIO AJUSTAR"),"Pendência de TACH",IF(AND(C24>0,I24="Aguardando Aprovação"),"Sem Pendência de TACH",IF(AND(C24>0,I24="Aprovado"),"Sem Pendência de TACH",IF(AND(C24>0,K24="Finalizado"),"Pendência de TACH",IF(AND(C24>0,K24="Não Criado"),"Pendência de TACH",IF(AND(C24>0,K24="Rascunho"),"Pendência de TACH",IF(AND(C24>0,K24="NECESSÁRIO AJUSTAR"),"Pendência de TACH",IF(AND(C24>0,K24="Aguardando Aprovação"),"Sem Pendência de TACH",IF(AND(C24>0,K24="Aprovado"),"Sem Pendência de TACH",IF(AND(C24>0,#REF!="Finalizado"),"Pendência de TACH",IF(AND(C24>0,#REF!="Não Criado"),"Pendência de TACH",IF(AND(C24>0,#REF!="Rascunho"),"Pendência de TACH",IF(AND(C24>0,#REF!="NECESSÁRIO AJUSTAR"),"Pendência de TACH",IF(AND(C24>0,#REF!="Aguardando Aprovação"),"Sem Pendência de TACH",IF(AND(C24>0,#REF!="Aprovado"),"Sem Pendência de TACH",IF(AND(C24>0,KL="Finalizado"),"Pendência de TACH",IF(AND(C24>0,KL="Não Criado"),"Pendência de TACH",IF(AND(C24>0,KL="Rascunho"),"Pendência de TACH",IF(AND(C24>0,L24="NECESSÁRIO AJUSTAR"),"Pendência de TACH",IF(AND(C24>0,L24="Aguardando Aprovação"),"Sem Pendência de TACH",IF(AND(C24>0,L24="Aprovado"),"Sem Pendência de TACH"))))))))))))))))))))))))} -> Pendência de TACH

Sheet 22.06
A1: Matricula | B1: Nome docente | C1: CH total de contrato | D1: Horas a alocar | E1: Campus | F1: Curso | G1: Gera agenda | H1: Status 22/06 | I1: Status 23/06 | J1: Status 24/06 | K1: Status 25/06 | L1: Status 26/06 | M1: Resultado Agenda | N1: Resultado TACH
A2: 8306 | B2: ADALBERTO CARAMORI PETRY | C2: 2 | D2: 2 | E2: CAMPUS CURITIBA | F2: 4093 - DIREITO - ADM - CTBA (GRADUAÇÃO PRESENCIAL) | G2: SIM | H2: NÃO CRIADO | I2: NÃO CRIADO | J2: NÃO CRIADO | K2: NÃO CRIADO | L2: NÃO CRIADO | M2: =IF(AND(G2="SIM",D2>0),"Pendência de Agenda",IF(AND(G2="NÃO",D2=0),"Sem Pendência",IF(AND(G2="Sim",D2=0),"Sem Pendência",""))) -> Pendência de Agenda | N2: {=IF(AND(C2>0,I2="Finalizado"),"Pendência de TACH",IF(AND(C2>0,I2="Não Criado"),"Pendência de TACH",IF(AND(C2>0,I2="Rascunho"),"Pendência de TACH",IF(AND(C2>0,I2="NECESSÁRIO AJUSTAR"),"Pendência de TACH",IF(AND(C2>0,I2="Aguardando Aprovação"),"Sem Pendência de TACH",IF(AND(C2>0,I2="Aprovado"),"Sem Pendência de TACH",IF(AND(C2>0,J2="Finalizado"),"Pendência de TACH",IF(AND(C2>0,J2="Não Criado"),"Pendência de TACH",IF(AND(C2>0,J2="Rascunho"),"Pendência de TACH",IF(AND(C2>0,J2="NECESSÁRIO AJUSTAR"),"Pendência de TACH",IF(AND(C2>0,J2="Aguardando Aprovação"),"Sem Pendência de TACH",IF(AND(C2>0,J2="Aprovado"),"Sem Pendência de TACH",IF(AND(C2>0,K2="Finalizado"),"Pendência de TACH",IF(AND(C2>0,K2="Não Criado"),"Pendência de TACH",IF(AND(C2>0,K2="Rascunho"),"Pendência de TACH",IF(AND(C2>0,K2="NECESSÁRIO AJUSTAR"),"Pendência de TACH",IF(AND(C2>0,K2="Aguardando Aprovação"),"Sem Pendência de TACH",IF(AND(C2>0,K2="Aprovado"),"Sem Pendência de TACH",IF(AND(C2>0,KL="Finalizado"),"Pendência de TACH",IF(AND(C2>0,KL="Não Criado"),"Pendência de TACH",IF(AND(C2>0,KL="Rascunho"),"Pendência de TACH",IF(AND(C2>0,L2="NECESSÁRIO AJUSTAR"),"Pendência de TACH",IF(AND(C2>0,L2="Aguardando Aprovação"),"Sem Pendência de TACH",IF(AND(C2>0,L2="Aprovado"),"Sem Pendência de TACH"))))))))))))))))))))))))} -> Pendência de TACH
A3: 90013836 | B3: ANA LUIZA CHALUSNHAK | C3: 2 | D3: 2 | E3: CAMPUS CURITIBA | F3: 4093 - DIREITO - ADM - CTBA (GRADUAÇÃO PRESENCIAL) | G3: SIM | H3: FINALIZADO | I3: FINALIZADO | J3: FINALIZADO | K3: FINALIZADO | L3: FINALIZADO | M3: =IF(AND(G3="SIM",D3>0),"Pendência de Agenda",IF(AND(G3="NÃO",D3=0),"Sem Pendência",IF(AND(G3="Sim",D3=0),"Sem Pendência",""))) -> Pendência de Agenda | N3: {=IF(AND(C3>0,I3="Finalizado"),"Pendência de TACH",IF(AND(C3>0,I3="Não Criado"),"Pendência de TACH",IF(AND(C3>0,I3="Rascunho"),"Pendência de TACH",IF(AND(C3>0,I3="NECESSÁRIO AJUSTAR"),"Pendência de TACH",IF(AND(C3>0,I3="Aguardando Aprovação"),"Sem Pendência de TACH",IF(AND(C3>0,I3="Aprovado"),"Sem Pendência de TACH",IF(AND(C3>0,J3="Finalizado"),"Pendência de TACH",IF(AND(C3>0,J3="Não Criado"),"Pendência de TACH",IF(AND(C3>0,J3="Rascunho"),"Pendência de TACH",IF(AND(C3>0,J3="NECESSÁRIO AJUSTAR"),"Pendência de TACH",IF(AND(C3>0,J3="Aguardando Aprovação"),"Sem Pendência de TACH",IF(AND(C3>0,J3="Aprovado"),"Sem Pendência de TACH",IF(AND(C3>0,K3="Finalizado"),"Pendência de TACH",IF(AND(C3>0,K3="Não Criado"),"Pendência de TACH",IF(AND(C3>0,K3="Rascunho"),"Pendência de TACH",IF(AND(C3>0,K3="NECESSÁRIO AJUSTAR"),"Pendência de TACH",IF(AND(C3>0,K3="Aguardando Aprovação"),"Sem Pendência de TACH",IF(AND(C3>0,K3="Aprovado"),"Sem Pendência de TACH",IF(AND(C3>0,KL="Finalizado"),"Pendência de TACH",IF(AND(C3>0,KL="Não Criado"),"Pendência de TACH",IF(AND(C3>0,KL="Rascunho"),"Pendência de TACH",IF(AND(C3>0,L3="NECESSÁRIO AJUSTAR"),"Pendência de TACH",IF(AND(C3>0,L3="Aguardando Aprovação"),"Sem Pendência de TACH",IF(AND(C3>0,L3="Aprovado"),"Sem Pendência de TACH"))))))))))))))))))))))))} -> Pendência de TACH
A4: 90009703 | B4: ANDERSON NITSCHE | C4: 18 | D4: 18 | E4: CAMPUS CURITIBA | F4: 3541 - MEDICINA - ADM - CTBA (GRADUAÇÃO PRESENCIAL) | G4: SIM | H4: RASCUNHO | I4: RASCUNHO | J4: RASCUNHO | K4: RASCUNHO | L4: RASCUNHO | M4: =IF(AND(G4="SIM",D4>0),"Pendência de Agenda",IF(AND(G4="NÃO",D4=0),"Sem Pendência",IF(AND(G4="Sim",D4=0),"Sem Pendência",""))) -> Pendência de Agenda | N4: {=IF(AND(C4>0,I4="Finalizado"),"Pendência de TACH",IF(AND(C4>0,I4="Não Criado"),"Pendência de TACH",IF(AND(C4>0,I4="Rascunho"),"Pendência de TACH",IF(AND(C4>0,I4="NECESSÁRIO AJUSTAR"),"Pendência de TACH",IF(AND(C4>0,I4="Aguardando Aprovação"),"Sem Pendência de TACH",IF(AND(C4>0,I4="Aprovado"),"Sem Pendência de TACH",IF(AND(C4>0,J4="Finalizado"),"Pendência de TACH",IF(AND(C4>0,J4="Não Criado"),"Pendência de TACH",IF(AND(C4>0,J4="Rascunho"),"Pendência de TACH",IF(AND(C4>0,J4="NECESSÁRIO AJUSTAR"),"Pendência de TACH",IF(AND(C4>0,J4="Aguardando Aprovação"),"Sem Pendência de TACH",IF(AND(C4>0,J4="Aprovado"),"Sem Pendência de TACH",IF(AND(C4>0,K4="Finalizado"),"Pendência de TACH",IF(AND(C4>0,K4="Não Criado"),"Pendência de TACH",IF(AND(C4>0,K4="Rascunho"),"Pendência de TACH",IF(AND(C4>0,K4="NECESSÁRIO AJUSTAR"),"Pendência de TACH",IF(AND(C4>0,K4="Aguardando Aprovação"),"Sem Pendência de TACH",IF(AND(C4>0,K4="Aprovado"),"Sem Pendência de TACH",IF(AND(C4>0,KL="Finalizado"),"Pendência de TACH",IF(AND(C4>0,KL="Não Criado"),"Pendência de TACH",IF(AND(C4>0,KL="Rascunho"),"Pendência de TACH",IF(AND(C4>0,L4="NECESSÁRIO AJUSTAR"),"Pendência de TACH",IF(AND(C4>0,L4="Aguardando Aprovação"),"Sem Pendência de TACH",IF(AND(C4>0,L4="Aprovado"),"Sem Pendência de TACH"))))))))))))))))))))))))} -> Pendência de TACH
A5: 90005226 | B5: CESAR RIBEIRO ZUCCOLI | C5: 14 | D5: 14 | E5: CAMPUS LONDRINA | F5: 105237 - MEDICINA - ADM - LDN (GRADUAÇÃO PRESENCIAL) | G5: SIM | H5: APROVADO | I5: APROVADO | J5: APROVADO | K5: APROVADO | L5: APROVADO | M5: =IF(AND(G5="SIM",D5>0),"Pendência de Agenda",IF(AND(G5="NÃO",D5=0),"Sem Pendência",IF(AND(G5="Sim",D5=0),"Sem Pendência",""))) -> Pendência de Agenda | N5: {=IF(AND(C5>0,I5="Finalizado"),"Pendência de TACH",IF(AND(C5>0,I5="Não Criado"),"Pendência de TACH",IF(AND(C5>0,I5="Rascunho"),"Pendência de TACH",IF(AND(C5>0,I5="NECESSÁRIO AJUSTAR"),"Pendência de TACH",IF(AND(C5>0,I5="Aguardando Aprovação"),"Sem Pendência de TACH",IF(AND(C5>0,I5="Aprovado"),"Sem Pendência de TACH",IF(AND(C5>0,J5="Finalizado"),"Pendência de TACH",IF(AND(C5>0,J5="Não Criado"),"Pendência de TACH",IF(AND(C5>0,J5="Rascunho"),"Pendência de TACH",IF(AND(C5>0,J5="NECESSÁRIO AJUSTAR"),"Pendência de TACH",IF(AND(C5>0,J5="Aguardando Aprovação"),"Sem Pendência de TACH",IF(AND(C5>0,J5="Aprovado"),"Sem Pendência de TACH",IF(AND(C5>0,K5="Finalizado"),"Pendência de TACH",IF(AND(C5>0,K5="Não Criado"),"Pendência de TACH",IF(AND(C5>0,K5="Rascunho"),"Pendência de TACH",IF(AND(C5>0,K5="NECESSÁRIO AJUSTAR"),"Pendência de TACH",IF(AND(C5>0,K5="Aguardando Aprovação"),"Sem Pendência de TACH",IF(AND(C5>0,K5="Aprovado"),"Sem Pendência de TACH",IF(AND(C5>0,KL="Finalizado"),"Pendência de TACH",IF(AND(C5>0,KL="Não Criado"),"Pendência de TACH",IF(AND(C5>0,KL="Rascunho"),"Pendência de TACH",IF(AND(C5>0,L5="NECESSÁRIO AJUSTAR"),"Pendência de TACH",IF(AND(C5>0,L5="Aguardando Aprovação"),"Sem Pendência de TACH",IF(AND(C5>0,L5="Aprovado"),"Sem Pendência de TACH"))))))))))))))))))))))))} -> Sem Pendência de TACH
A6: 90013955 | B6: EMILE FERNANDES SPINASSI TEIXEIRA | C6: 3 | D6: 3 | E6: CAMPUS CURITIBA | F6: 3541 - MEDICINA - ADM - CTBA (GRADUAÇÃO PRESENCIAL) | G6: SIM | H6: AGUARDANDO APROVAÇÃO | I6: AGUARDANDO APROVAÇÃO | J6: AGUARDANDO APROVAÇÃO | K6: AGUARDANDO APROVAÇÃO | L6: AGUARDANDO APROVAÇÃO | M6: =IF(AND(G6="SIM",D6>0),"Pendência de Agenda",IF(AND(G6="NÃO",D6=0),"Sem Pendência",IF(AND(G6="Sim",D6=0),"Sem Pendência",""))) -> Pendência de Agenda | N6: {=IF(AND(C6>0,I6="Finalizado"),"Pendência de TACH",IF(AND(C6>0,I6="Não Criado"),"Pendência de TACH",IF(AND(C6>0,I6="Rascunho"),"Pendência de TACH",IF(AND(C6>0,I6="NECESSÁRIO AJUSTAR"),"Pendência de TACH",IF(AND(C6>0,I6="Aguardando Aprovação"),"Sem Pendência de TACH",IF(AND(C6>0,I6="Aprovado"),"Sem Pendência de TACH",IF(AND(C6>0,J6="Finalizado"),"Pendência de TACH",IF(AND(C6>0,J6="Não Criado"),"Pendência de TACH",IF(AND(C6>0,J6="Rascunho"),"Pendência de TACH",IF(AND(C6>0,J6="NECESSÁRIO AJUSTAR"),"Pendência de TACH",IF(AND(C6>0,J6="Aguardando Aprovação"),"Sem Pendência de TACH",IF(AND(C6>0,J6="Aprovado"),"Sem Pendência de TACH",IF(AND(C6>0,K6="Finalizado"),"Pendência de TACH",IF(AND(C6>0,K6="Não Criado"),"Pendência de TACH",IF(AND(C6>0,K6="Rascunho"),"Pendência de TACH",IF(AND(C6>0,K6="NECESSÁRIO AJUSTAR"),"Pendência de TACH",IF(AND(C6>0,K6="Aguardando Aprovação"),"Sem Pendência de TACH",IF(AND(C6>0,K6="Aprovado"),"Sem Pendência de TACH",IF(AND(C6>0,KL="Finalizado"),"Pendência de TACH",IF(AND(C6>0,KL="Não Criado"),"Pendência de TACH",IF(AND(C6>0,KL="Rascunho"),"Pendência de TACH",IF(AND(C6>0,L6="NECESSÁRIO AJUSTAR"),"Pendência de TACH",IF(AND(C6>0,L6="Aguardando Aprovação"),"Sem Pendência de TACH",IF(AND(C6>0,L6="Aprovado"),"Sem Pendência de TACH"))))))))))))))))))))))))} -> Sem Pendência de TACH
A7: 23702 | B7: HUMBERTO MACIEL FRANCA MADEIRA | C7: 22 | D7: 22 | E7: CAMPUS CURITIBA | F7: 103572 - BIOTECNOLOGIA - ADM - CTBA (GRADUAÇÃO PRESENCIAL) | G7: SIM | H7: APROVADO | I7: APROVADO | J7: APROVADO | K7: APROVADO | L7: APROVADO | M7: =IF(AND(G7="SIM",D7>0),"Pendência de Agenda",IF(AND(G7="NÃO",D7=0),"Sem Pendência",IF(AND(G7="Sim",D7=0),"Sem Pendência",""))) -> Pendência de Agenda | N7: {=IF(AND(C7>0,I7="Finalizado"),"Pendência de TACH",IF(AND(C7>0,I7="Não Criado"),"Pendência de TACH",IF(AND(C7>0,I7="Rascunho"),"Pendência de TACH",IF(AND(C7>0,I7="NECESSÁRIO AJUSTAR"),"Pendência de TACH",IF(AND(C7>0,I7="Aguardando Aprovação"),"Sem Pendência de TACH",IF(AND(C7>0,I7="Aprovado"),"Sem Pendência de TACH",IF(AND(C7>0,J7="Finalizado"),"Pendência de TACH",IF(AND(C7>0,J7="Não Criado"),"Pendência de TACH",IF(AND(C7>0,J7="Rascunho"),"Pendência de TACH",IF(AND(C7>0,J7="NECESSÁRIO AJUSTAR"),"Pendência de TACH",IF(AND(C7>0,J7="Aguardando Aprovação"),"Sem Pendência de TACH",IF(AND(C7>0,J7="Aprovado"),"Sem Pendência de TACH",IF(AND(C7>0,K7="Finalizado"),"Pendência de TACH",IF(AND(C7>0,K7="Não Criado"),"Pendência de TACH",IF(AND(C7>0,K7="Rascunho"),"Pendência de TACH",IF(AND(C7>0,K7="NECESSÁRIO AJUSTAR"),"Pendência de TACH",IF(AND(C7>0,K7="Aguardando Aprovação"),"Sem Pendência de TACH",IF(AND(C7>0,K7="Aprovado"),"Sem Pendência de TACH",IF(AND(C7>0,KL="Finalizado"),"Pendência de TACH",IF(AND(C7>0,KL="Não Criado"),"Pendência de TACH",IF(AND(C7>0,KL="Rascunho"),"Pendência de TACH",IF(AND(C7>0,L7="NECESSÁRIO AJUSTAR"),"Pendência de TACH",IF(AND(C7>0,L7="Aguardando Aprovação"),"Sem Pendência de TACH",IF(AND(C7>0,L7="Aprovado"),"Sem Pendência de TACH"))))))))))))))))))))))))} -> Sem Pendência de TACH
A8: 90013958 | B8: JEFERSON DA COSTA VAZ | C8: 2 | D8: 2 | E8: CAMPUS CURITIBA | F8: 4267 - FILOSOFIA - ADM - CTBA (GRADUAÇÃO PRESENCIAL) | G8: SIM | H8: NÃO CRIADO | I8: NÃO CRIADO | J8: NÃO CRIADO | K8: NÃO CRIADO | L8: NÃO CRIADO | M8: =IF(AND(G8="SIM",D8>0),"Pendência de Agenda",IF(AND(G8="NÃO",D8=0),"Sem Pendência",IF(AND(G8="Sim",D8=0),"Sem Pendência",""))) -> Pendência de Agenda | N8: {=IF(AND(C8>0,I8="Finalizado"),"Pendência de TACH",IF(AND(C8>0,I8="Não Criado"),"Pendência de TACH",IF(AND(C8>0,I8="Rascunho"),"Pendência de TACH",IF(AND(C8>0,I8="NECESSÁRIO AJUSTAR"),"Pendência de TACH",IF(AND(C8>0,I8="Aguardando Aprovação"),"Sem Pendência de TACH",IF(AND(C8>0,I8="Aprovado"),"Sem Pendência de TACH",IF(AND(C8>0,J8="Finalizado"),"Pendência de TACH",IF(AND(C8>0,J8="Não Criado"),"Pendência de TACH",IF(AND(C8>0,J8="Rascunho"),"Pendência de TACH",IF(AND(C8>0,J8="NECESSÁRIO AJUSTAR"),"Pendência de TACH",IF(AND(C8>0,J8="Aguardando Aprovação"),"Sem Pendência de TACH",IF(AND(C8>0,J8="Aprovado"),"Sem Pendência de TACH",IF(AND(C8>0,K8="Finalizado"),"Pendência de TACH",IF(AND(C8>0,K8="Não Criado"),"Pendência de TACH",IF(AND(C8>0,K8="Rascunho"),"Pendência de TACH",IF(AND(C8>0,K8="NECESSÁRIO AJUSTAR"),"Pendência de TACH",IF(AND(C8>0,K8="Aguardando Aprovação"),"Sem Pendência de TACH",IF(AND(C8>0,K8="Aprovado"),"Sem Pendência de TACH",IF(AND(C8>0,KL="Finalizado"),"Pendência de TACH",IF(AND(C8>0,KL="Não Criado"),"Pendência de TACH",IF(AND(C8>0,KL="Rascunho"),"Pendência de TACH",IF(AND(C8>0,L8="NECESSÁRIO AJUSTAR"),"Pendência de TACH",IF(AND(C8>0,L8="Aguardando Aprovação"),"Sem Pendência de TACH",IF(AND(C8>0,L8="Aprovado"),"Sem Pendência de TACH"))))))))))))))))))))))))} -> Pendência de TACH
A9: 90001409 | B9: LUIZ CARLOS CANTANHEDE FERNANDES JUNIOR | C9: 20 | D9: 20 | E9: CAMPUS LONDRINA | F9: 105237 - MEDICINA - ADM - LDN (GRADUAÇÃO PRESENCIAL) | G9: SIM | H9: NÃO CRIADO | I9: NÃO CRIADO | J9: NÃO CRIADO | K9: NÃO CRIADO | L9: NÃO CRIADO | M9: =IF(AND(G9="SIM",D9>0),"Pendência de Agenda",IF(AND(G9="NÃO",D9=0),"Sem Pendência",IF(AND(G9="Sim",D9=0),"Sem Pendência",""))) -> Pendência de Agenda | N9: {=IF(AND(C9>0,I9="Finalizado"),"Pendência de TACH",IF(AND(C9>0,I9="Não Criado"),"Pendência de TACH",IF(AND(C9>0,I9="Rascunho"),"Pendência de TACH",IF(AND(C9>0,I9="NECESSÁRIO AJUSTAR"),"Pendência de TACH",IF(AND(C9>0,I9="Aguardando Aprovação"),"Sem Pendência de TACH",IF(AND(C9>0,I9="Aprovado"),"Sem Pendência de TACH",IF(AND(C9>0,J9="Finalizado"),"Pendência de TACH",IF(AND(C9>0,J9="Não Criado"),"Pendência de TACH",IF(AND(C9>0,J9="Rascunho"),"Pendência de TACH",IF(AND(C9>0,J9="NECESSÁRIO AJUSTAR"),"Pendência de TACH",IF(AND(C9>0,J9="Aguardando Aprovação"),"Sem Pendência de TACH",IF(AND(C9>0,J9="Aprovado"),"Sem Pendência de TACH",IF(AND(C9>0,K9="Finalizado"),"Pendência de TACH",IF(AND(C9>0,K9="Não Criado"),"Pendência de TACH",IF(AND(C9>0,K9="Rascunho"),"Pendência de TACH",IF(AND(C9>0,K9="NECESSÁRIO AJUSTAR"),"Pendência de TACH",IF(AND(C9>0,K9="Aguardando Aprovação"),"Sem Pendência de TACH",IF(AND(C9>0,K9="Aprovado"),"Sem Pendência de TACH",IF(AND(C9>0,KL="Finalizado"),"Pendência de TACH",IF(AND(C9>0,KL="Não Criado"),"Pendência de TACH",IF(AND(C9>0,KL="Rascunho"),"Pendência de TACH",IF(AND(C9>0,L9="NECESSÁRIO AJUSTAR"),"Pendência de TACH",IF(AND(C9>0,L9="Aguardando Aprovação"),"Sem Pendência de TACH",IF(AND(C9>0,L9="Aprovado"),"Sem Pendência de TACH"))))))))))))))))))))))))} -> Pendência de TACH
A10: 90004950 | B10: MARCO CESAR JORGE DOS SANTOS | C10: 5 | D10: 5 | E10: CAMPUS CURITIBA | F10: 3541 - MEDICINA - ADM - CTBA (GRADUAÇÃO PRESENCIAL) | G10: SIM | H10: RASCUNHO | I10: RASCUNHO | J10: RASCUNHO | K10: RASCUNHO | L10: RASCUNHO | M10: =IF(AND(G10="SIM",D10>0),"Pendência de Agenda",IF(AND(G10="NÃO",D10=0),"Sem Pendência",IF(AND(G10="Sim",D10=0),"Sem Pendência",""))) -> Pendência de Agenda | N10: {=IF(AND(C10>0,I10="Finalizado"),"Pendência de TACH",IF(AND(C10>0,I10="Não Criado"),"Pendência de TACH",IF(AND(C10>0,I10="Rascunho"),"Pendência de TACH",IF(AND(C10>0,I10="NECESSÁRIO AJUSTAR"),"Pendência de TACH",IF(AND(C10>0,I10="Aguardando Aprovação"),"Sem Pendência de TACH",IF(AND(C10>0,I10="Aprovado"),"Sem Pendência de TACH",IF(AND(C10>0,J10="Finalizado"),"Pendência de TACH",IF(AND(C10>0,J10="Não Criado"),"Pendência de TACH",IF(AND(C10>0,J10="Rascunho"),"Pendência de TACH",IF(AND(C10>0,J10="NECESSÁRIO AJUSTAR"),"Pendência de TACH",IF(AND(C10>0,J10="Aguardando Aprovação"),"Sem Pendência de TACH",IF(AND(C10>0,J10="Aprovado"),"Sem Pendência de TACH",IF(AND(C10>0,K10="Finalizado"),"Pendência de TACH",IF(AND(C10>0,K10="Não Criado"),"Pendência de TACH",IF(AND(C10>0,K10="Rascunho"),"Pendência de TACH",IF(AND(C10>0,K10="NECESSÁRIO AJUSTAR"),"Pendência de TACH",IF(AND(C10>0,K10="Aguardando Aprovação"),"Sem Pendência de TACH",IF(AND(C10>0,K10="Aprovado"),"Sem Pendência de TACH",IF(AND(C10>0,KL="Finalizado"),"Pendência de TACH",IF(AND(C10>0,KL="Não Criado"),"Pendência de TACH",IF(AND(C10>0,KL="Rascunho"),"Pendência de TACH",IF(AND(C10>0,L10="NECESSÁRIO AJUSTAR"),"Pendência de TACH",IF(AND(C10>0,L10="Aguardando Aprovação"),"Sem Pendência de TACH",IF(AND(C10>0,L10="Aprovado"),"Sem Pendência de TACH"))))))))))))))))))))))))} -> Pendência de TACH
A11: 90010258 | B11: MARIA AUGUSTA NASCIMENTO HEIM | C11: 12 | D11: 12 | E11: CAMPUS CURITIBA | F11: 3524 - FISIOTERAPIA - ADM - CTBA (GRADUAÇÃO PRESENCIAL) | G11: SIM | H11: APROVADO | I11: APROVADO | J11: APROVADO | K11: APROVADO | L11: APROVADO | M11: =IF(AND(G11="SIM",D11>0),"Pendência de Agenda",IF(AND(G11="NÃO",D11=0),"Sem Pendência",IF(AND(G11="Sim",D11=0),"Sem Pendência",""))) -> Pendência de Agenda | N11: {=IF(AND(C11>0,I11="Finalizado"),"Pendência de TACH",IF(AND(C11>0,I11="Não Criado"),"Pendência de TACH",IF(AND(C11>0,I11="Rascunho"),"Pendência de TACH",IF(AND(C11>0,I11="NECESSÁRIO AJUSTAR"),"Pendência de TACH",IF(AND(C11>0,I11="Aguardando Aprovação"),"Sem Pendência de TACH",IF(AND(C11>0,I11="Aprovado"),"Sem Pendência de TACH",IF(AND(C11>0,J11="Finalizado"),"Pendência de TACH",IF(AND(C11>0,J11="Não Criado"),"Pendência de TACH",IF(AND(C11>0,J11="Rascunho"),"Pendência de TACH",IF(AND(C11>0,J11="NECESSÁRIO AJUSTAR"),"Pendência de TACH",IF(AND(C11>0,J11="Aguardando Aprovação"),"Sem Pendência de TACH",IF(AND(C11>0,J11="Aprovado"),"Sem Pendência de TACH",IF(AND(C11>0,K11="Finalizado"),"Pendência de TACH",IF(AND(C11>0,K11="Não Criado"),"Pendência de TACH",IF(AND(C11>0,K11="Rascunho"),"Pendência de TACH",IF(AND(C11>0,K11="NECESSÁRIO AJUSTAR"),"Pendência de TACH",IF(AND(C11>0,K11="Aguardando Aprovação"),"Sem Pendência de TACH",IF(AND(C11>0,K11="Aprovado"),"Sem Pendência de TACH",IF(AND(C11>0,KL="Finalizado"),"Pendência de TACH",IF(AND(C11>0,KL="Não Criado"),"Pendência de TACH",IF(AND(C11>0,KL="Rascunho"),"Pendência de TACH",IF(AND(C11>0,L11="NECESSÁRIO AJUSTAR"),"Pendência de TACH",IF(AND(C11>0,L11="Aguardando Aprovação"),"Sem Pendência de TACH",IF(AND(C11>0,L11="Aprovado"),"Sem Pendência de TACH"))))))))))))))))))))))))} -> Sem Pendência de TACH
A12: 90010292 | B12: PRISCILA BEATRIZ DE SOUZA MEDEIROS | C12: 8 | D12: 8 | E12: CAMPUS LONDRINA | F12: 105237 - MEDICINA - ADM - LDN (GRADUAÇÃO PRESENCIAL) | G12: SIM | H12: APROVADO | I12: APROVADO | J12: APROVADO | K12: APROVADO | L12: APROVADO | M12: =IF(AND(G12="SIM",D12>0),"Pendência de Agenda",IF(AND(G12="NÃO",D12=0),"Sem Pendência",IF(AND(G12="Sim",D12=0),"Sem Pendência",""))) -> Pendência de Agenda | N12: {=IF(AND(C12>0,I12="Finalizado"),"Pendência de TACH",IF(AND(C12>0,I12="Não Criado"),"Pendência de TACH",IF(AND(C12>0,I12="Rascunho"),"Pendência de TACH",IF(AND(C12>0,I12="NECESSÁRIO AJUSTAR"),"Pendência de TACH",IF(AND(C12>0,I12="Aguardando Aprovação"),"Sem Pendência de TACH",IF(AND(C12>0,I12="Aprovado"),"Sem Pendência de TACH",IF(AND(C12>0,J12="Finalizado"),"Pendência de TACH",IF(AND(C12>0,J12="Não Criado"),"Pendência de TACH",IF(AND(C12>0,J12="Rascunho"),"Pendência de TACH",IF(AND(C12>0,J12="NECESSÁRIO AJUSTAR"),"Pendência de TACH",IF(AND(C12>0,J12="Aguardando Aprovação"),"Sem Pendência de TACH",IF(AND(C12>0,J12="Aprovado"),"Sem Pendência de TACH",IF(AND(C12>0,K12="Finalizado"),"Pendência de TACH",IF(AND(C12>0,K12="Não Criado"),"Pendência de TACH",IF(AND(C12>0,K12="Rascunho"),"Pendência de TACH",IF(AND(C12>0,K12="NECESSÁRIO AJUSTAR"),"Pendência de TACH",IF(AND(C12>0,K12="Aguardando Aprovação"),"Sem Pendência de TACH",IF(AND(C12>0,K12="Aprovado"),"Sem Pendência de TACH",IF(AND(C12>0,KL="Finalizado"),"Pendência de TACH",IF(AND(C12>0,KL="Não Criado"),"Pendência de TACH",IF(AND(C12>0,KL="Rascunho"),"Pendência de TACH",IF(AND(C12>0,L12="NECESSÁRIO AJUSTAR"),"Pendência de TACH",IF(AND(C12>0,L12="Aguardando Aprovação"),"Sem Pendência de TACH",IF(AND(C12>0,L12="Aprovado"),"Sem Pendência de TACH"))))))))))))))))))))))))} -> Sem Pendência de TACH
A13: 31303 | B13: RICARDO BERNARDO DA SILVA | C13: 28 | D13: 28 | E13: CAMPUS LONDRINA | F13: 105237 - MEDICINA - ADM - LDN (GRADUAÇÃO PRESENCIAL) | G13: SIM | H13: APROVADO | I13: APROVADO | J13: APROVADO | K13: APROVADO | L13: APROVADO | M13: =IF(AND(G13="SIM",D13>0),"Pendência de Agenda",IF(AND(G13="NÃO",D13=0),"Sem Pendência",IF(AND(G13="Sim",D13=0),"Sem Pendência",""))) -> Pendência de Agenda | N13: {=IF(AND(C13>0,I13="Finalizado"),"Pendência de TACH",IF(AND(C13>0,I13="Não Criado"),"Pendência de TACH",IF(AND(C13>0,I13="Rascunho"),"Pendência de TACH",IF(AND(C13>0,I13="NECESSÁRIO AJUSTAR"),"Pendência de TACH",IF(AND(C13>0,I13="Aguardando Aprovação"),"Sem Pendência de TACH",IF(AND(C13>0,I13="Aprovado"),"Sem Pendência de TACH",IF(AND(C13>0,J13="Finalizado"),"Pendência de TACH",IF(AND(C13>0,J13="Não Criado"),"Pendência de TACH",IF(AND(C13>0,J13="Rascunho"),"Pendência de TACH",IF(AND(C13>0,J13="NECESSÁRIO AJUSTAR"),"Pendência de TACH",IF(AND(C13>0,J13="Aguardando Aprovação"),"Sem Pendência de TACH",IF(AND(C13>0,J13="Aprovado"),"Sem Pendência de TACH",IF(AND(C13>0,K13="Finalizado"),"Pendência de TACH",IF(AND(C13>0,K13="Não Criado"),"Pendência de TACH",IF(AND(C13>0,K13="Rascunho"),"Pendência de TACH",IF(AND(C13>0,K13="NECESSÁRIO AJUSTAR"),"Pendência de TACH",IF(AND(C13>0,K13="Aguardando Aprovação"),"Sem Pendência de TACH",IF(AND(C13>0,K13="Aprovado"),"Sem Pendência de TACH",IF(AND(C13>0,KL="Finalizado"),"Pendência de TACH",IF(AND(C13>0,KL="Não Criado"),"Pendência de TACH",IF(AND(C13>0,KL="Rascunho"),"Pendência de TACH",IF(AND(C13>0,L13="NECESSÁRIO AJUSTAR"),"Pendência de TACH",IF(AND(C13>0,L13="Aguardando Aprovação"),"Sem Pendência de TACH",IF(AND(C13>0,L13="Aprovado"),"Sem Pendência de TACH"))))))))))))))))))))))))} -> Sem Pendência de TACH
A14: 90010954 | B14: RUI BOCCHINO MACEDO | C14: 12 | D14: 12 | E14: CAMPUS CURITIBA | F14: 3541 - MEDICINA - ADM - CTBA (GRADUAÇÃO PRESENCIAL) | G14: SIM | H14: NÃO CRIADO | I14: NÃO CRIADO | J14: NÃO CRIADO | K14: NÃO CRIADO | L14: NÃO CRIADO | M14: =IF(AND(G14="SIM",D14>0),"Pendência de Agenda",IF(AND(G14="NÃO",D14=0),"Sem Pendência",IF(AND(G14="Sim",D14=0),"Sem Pendência",""))) -> Pendência de Agenda | N14: {=IF(AND(C14>0,I14="Finalizado"),"Pendência de TACH",IF(AND(C14>0,I14="Não Criado"),"Pendência de TACH",IF(AND(C14>0,I14="Rascunho"),"Pendência de TACH",IF(AND(C14>0,I14="NECESSÁRIO AJUSTAR"),"Pendência de TACH",IF(AND(C14>0,I14="Aguardando Aprovação"),"Sem Pendência de TACH",IF(AND(C14>0,I14="Aprovado"),"Sem Pendência de TACH",IF(AND(C14>0,J14="Finalizado"),"Pendência de TACH",IF(AND(C14>0,J14="Não Criado"),"Pendência de TACH",IF(AND(C14>0,J14="Rascunho"),"Pendência de TACH",IF(AND(C14>0,J14="NECESSÁRIO AJUSTAR"),"Pendência de TACH",IF(AND(C14>0,J14="Aguardando Aprovação"),"Sem Pendência de TACH",IF(AND(C14>0,J14="Aprovado"),"Sem Pendência de TACH",IF(AND(C14>0,K14="Finalizado"),"Pendência de TACH",IF(AND(C14>0,K14="Não Criado"),"Pendência de TACH",IF(AND(C14>0,K14="Rascunho"),"Pendência de TACH",IF(AND(C14>0,K14="NECESSÁRIO AJUSTAR"),"Pendência de TACH",IF(AND(C14>0,K14="Aguardando Aprovação"),"Sem Pendência de TACH",IF(AND(C14>0,K14="Aprovado"),"Sem Pendência de TACH",IF(AND(C14>0,KL="Finalizado"),"Pendência de TACH",IF(AND(C14>0,KL="Não Criado"),"Pendência de TACH",IF(AND(C14>0,KL="Rascunho"),"Pendência de TACH",IF(AND(C14>0,L14="NECESSÁRIO AJUSTAR"),"Pendência de TACH",IF(AND(C14>0,L14="Aguardando Aprovação"),"Sem Pendência de TACH",IF(AND(C14>0,L14="Aprovado"),"Sem Pendência de TACH"))))))))))))))))))))))))} -> Pendência de TACH
A15: 4717 | B15: LUIZ ALBERTO BLANCHET | C15: 28 | D15: 0 | E15: CAMPUS CURITIBA | F15: 4093 - Direito - Adm - CTBA (Graduação Presencial) | G15: NÃO | H15: FINALIZADO | I15: FINALIZADO | J15: FINALIZADO | K15: FINALIZADO | L15: FINALIZADO | M15: =IF(AND(G15="SIM",D15>0),"Pendência de Agenda",IF(AND(G15="NÃO",D15=0),"Sem Pendência",IF(AND(G15="Sim",D15=0),"Sem Pendência",""))) -> Sem Pendência | N15: {=IF(AND(C15>0,I15="Finalizado"),"Pendência de TACH",IF(AND(C15>0,I15="Não Criado"),"Pendência de TACH",IF(AND(C15>0,I15="Rascunho"),"Pendência de TACH",IF(AND(C15>0,I15="NECESSÁRIO AJUSTAR"),"Pendência de TACH",IF(AND(C15>0,I15="Aguardando Aprovação"),"Sem Pendência de TACH",IF(AND(C15>0,I15="Aprovado"),"Sem Pendência de TACH",IF(AND(C15>0,J15="Finalizado"),"Pendência de TACH",IF(AND(C15>0,J15="Não Criado"),"Pendência de TACH",IF(AND(C15>0,J15="Rascunho"),"Pendência de TACH",IF(AND(C15>0,J15="NECESSÁRIO AJUSTAR"),"Pendência de TACH",IF(AND(C15>0,J15="Aguardando Aprovação"),"Sem Pendência de TACH",IF(AND(C15>0,J15="Aprovado"),"Sem Pendência de TACH",IF(AND(C15>0,K15="Finalizado"),"Pendência de TACH",IF(AND(C15>0,K15="Não Criado"),"Pendência de TACH",IF(AND(C15>0,K15="Rascunho"),"Pendência de TACH",IF(AND(C15>0,K15="NECESSÁRIO AJUSTAR"),"Pendência de TACH",IF(AND(C15>0,K15="Aguardando Aprovação"),"Sem Pendência de TACH",IF(AND(C15>0,K15="Aprovado"),"Sem Pendência de TACH",IF(AND(C15>0,KL="Finalizado"),"Pendência de TACH",IF(AND(C15>0,KL="Não Criado"),"Pendência de TACH",IF(AND(C15>0,KL="Rascunho"),"Pendência de TACH",IF(AND(C15>0,L15="NECESSÁRIO AJUSTAR"),"Pendência de TACH",IF(AND(C15>0,L15="Aguardando Aprovação"),"Sem Pendência de TACH",IF(AND(C15>0,L15="Aprovado"),"Sem Pendência de TACH"))))))))))))))))))))))))} -> Pendência de TACH
A16: 32701 | B16: RENATA DINARDI BORGES LIBONI | C16: 19 | D16: 0 | E16: CAMPUS LONDRINA | F16: 105237 - Medicina - Adm - LDN (Graduação Presencial) | G16: SIM | H16: FINALIZADO | I16: RASCUNHO | J16: RASCUNHO | K16: RASCUNHO | L16: RASCUNHO | M16: =IF(AND(G16="SIM",D16>0),"Pendência de Agenda",IF(AND(G16="NÃO",D16=0),"Sem Pendência",IF(AND(G16="Sim",D16=0),"Sem Pendência",""))) -> Sem Pendência | N16: {=IF(AND(C16>0,I16="Finalizado"),"Pendência de TACH",IF(AND(C16>0,I16="Não Criado"),"Pendência de TACH",IF(AND(C16>0,I16="Rascunho"),"Pendência de TACH",IF(AND(C16>0,I16="NECESSÁRIO AJUSTAR"),"Pendência de TACH",IF(AND(C16>0,I16="Aguardando Aprovação"),"Sem Pendência de TACH",IF(AND(C16>0,I16="Aprovado"),"Sem Pendência de TACH",IF(AND(C16>0,J16="Finalizado"),"Pendência de TACH",IF(AND(C16>0,J16="Não Criado"),"Pendência de TACH",IF(AND(C16>0,J16="Rascunho"),"Pendência de TACH",IF(AND(C16>0,J16="NECESSÁRIO AJUSTAR"),"Pendência de TACH",IF(AND(C16>0,J16="Aguardando Aprovação"),"Sem Pendência de TACH",IF(AND(C16>0,J16="Aprovado"),"Sem Pendência de TACH",IF(AND(C16>0,K16="Finalizado"),"Pendência de TACH",IF(AND(C16>0,K16="Não Criado"),"Pendência de TACH",IF(AND(C16>0,K16="Rascunho"),"Pendência de TACH",IF(AND(C16>0,K16="NECESSÁRIO AJUSTAR"),"Pendência de TACH",IF(AND(C16>0,K16="Aguardando Aprovação"),"Sem Pendência de TACH",IF(AND(C16>0,K16="Aprovado"),"Sem Pendência de TACH",IF(AND(C16>0,KL="Finalizado"),"Pendência de TACH",IF(AND(C16>0,KL="Não Criado"),"Pendência de TACH",IF(AND(C16>0,KL="Rascunho"),"Pendência de TACH",IF(AND(C16>0,L16="NECESSÁRIO AJUSTAR"),"Pendência de TACH",IF(AND(C16>0,L16="Aguardando Aprovação"),"Sem Pendência de TACH",IF(AND(C16>0,L16="Aprovado"),"Sem Pendência de TACH"))))))))))))))))))))))))} -> Pendência de TACH
M17: =IF(AND(G17="SIM",D17>0),"Pendência de Agenda",IF(AND(G17="NÃO",D17=0),"Sem Pendência",IF(AND(G17="Sim",D17=0),"Sem Pendência",""))) | N17: {=IF(AND(C17>0,I17="Finalizado"),"Pendência de TACH",IF(AND(C17>0,I17="Não Criado"),"Pendência de TACH",IF(AND(C17>0,I17="Rascunho"),"Pendência de TACH",IF(AND(C17>0,I17="NECESSÁRIO AJUSTAR"),"Pendência de TACH",IF(AND(C17>0,I17="Aguardando Aprovação"),"Sem Pendência de TACH",IF(AND(C17>0,I17="Aprovado"),"Sem Pendência de TACH",IF(AND(C17>0,J17="Finalizado"),"Pendência de TACH",IF(AND(C17>0,J17="Não Criado"),"Pendência de TACH",IF(AND(C17>0,J17="Rascunho"),"Pendência de TACH",IF(AND(C17>0,J17="NECESSÁRIO AJUSTAR"),"Pendência de TACH",IF(AND(C17>0,J17="Aguardando Aprovação"),"Sem Pendência de TACH",IF(AND(C17>0,J17="Aprovado"),"Sem Pendência de TACH",IF(AND(C17>0,K17="Finalizado"),"Pendência de TACH",IF(AND(C17>0,K17="Não Criado"),"Pendência de TACH",IF(AND(C17>0,K17="Rascunho"),"Pendência de TACH",IF(AND(C17>0,K17="NECESSÁRIO AJUSTAR"),"Pendência de TACH",IF(AND(C17>0,K17="Aguardando Aprovação"),"Sem Pendência de TACH",IF(AND(C17>0,K17="Aprovado"),"Sem Pendência de TACH",IF(AND(C17>0,KL="Finalizado"),"Pendência de TACH",IF(AND(C17>0,KL="Não Criado"),"Pendência de TACH",IF(AND(C17>0,KL="Rascunho"),"Pendência de TACH",IF(AND(C17>0,L17="NECESSÁRIO AJUSTAR"),"Pendência de TACH",IF(AND(C17>0,L17="Aguardando Aprovação"),"Sem Pendência de TACH",IF(AND(C17>0,L17="Aprovado"),"Sem Pendência de TACH"))))))))))))))))))))))))} -> #NAME?
M18: =IF(AND(G18="SIM",D18>0),"Pendência de Agenda",IF(AND(G18="NÃO",D18=0),"Sem Pendência",IF(AND(G18="Sim",D18=0),"Sem Pendência",""))) | N18: {=IF(AND(C18>0,I18="Finalizado"),"Pendência de TACH",IF(AND(C18>0,I18="Não Criado"),"Pendência de TACH",IF(AND(C18>0,I18="Rascunho"),"Pendência de TACH",IF(AND(C18>0,I18="NECESSÁRIO AJUSTAR"),"Pendência de TACH",IF(AND(C18>0,I18="Aguardando Aprovação"),"Sem Pendência de TACH",IF(AND(C18>0,I18="Aprovado"),"Sem Pendência de TACH",IF(AND(C18>0,J18="Finalizado"),"Pendência de TACH",IF(AND(C18>0,J18="Não Criado"),"Pendência de TACH",IF(AND(C18>0,J18="Rascunho"),"Pendência de TACH",IF(AND(C18>0,J18="NECESSÁRIO AJUSTAR"),"Pendência de TACH",IF(AND(C18>0,J18="Aguardando Aprovação"),"Sem Pendência de TACH",IF(AND(C18>0,J18="Aprovado"),"Sem Pendência de TACH",IF(AND(C18>0,K18="Finalizado"),"Pendência de TACH",IF(AND(C18>0,K18="Não Criado"),"Pendência de TACH",IF(AND(C18>0,K18="Rascunho"),"Pendência de TACH",IF(AND(C18>0,K18="NECESSÁRIO AJUSTAR"),"Pendência de TACH",IF(AND(C18>0,K18="Aguardando Aprovação"),"Sem Pendência de TACH",IF(AND(C18>0,K18="Aprovado"),"Sem Pendência de TACH",IF(AND(C18>0,KL="Finalizado"),"Pendência de TACH",IF(AND(C18>0,KL="Não Criado"),"Pendência de TACH",IF(AND(C18>0,KL="Rascunho"),"Pendência de TACH",IF(AND(C18>0,L18="NECESSÁRIO AJUSTAR"),"Pendência de TACH",IF(AND(C18>0,L18="Aguardando Aprovação"),"Sem Pendência de TACH",IF(AND(C18>0,L18="Aprovado"),"Sem Pendência de TACH"))))))))))))))))))))))))} -> #NAME?
M19: =IF(AND(G19="SIM",D19>0),"Pendência de Agenda",IF(AND(G19="NÃO",D19=0),"Sem Pendência",IF(AND(G19="Sim",D19=0),"Sem Pendência",""))) | N19: {=IF(AND(C19>0,I19="Finalizado"),"Pendência de TACH",IF(AND(C19>0,I19="Não Criado"),"Pendência de TACH",IF(AND(C19>0,I19="Rascunho"),"Pendência de TACH",IF(AND(C19>0,I19="NECESSÁRIO AJUSTAR"),"Pendência de TACH",IF(AND(C19>0,I19="Aguardando Aprovação"),"Sem Pendência de TACH",IF(AND(C19>0,I19="Aprovado"),"Sem Pendência de TACH",IF(AND(C19>0,J19="Finalizado"),"Pendência de TACH",IF(AND(C19>0,J19="Não Criado"),"Pendência de TACH",IF(AND(C19>0,J19="Rascunho"),"Pendência de TACH",IF(AND(C19>0,J19="NECESSÁRIO AJUSTAR"),"Pendência de TACH",IF(AND(C19>0,J19="Aguardando Aprovação"),"Sem Pendência de TACH",IF(AND(C19>0,J19="Aprovado"),"Sem Pendência de TACH",IF(AND(C19>0,K19="Finalizado"),"Pendência de TACH",IF(AND(C19>0,K19="Não Criado"),"Pendência de TACH",IF(AND(C19>0,K19="Rascunho"),"Pendência de TACH",IF(AND(C19>0,K19="NECESSÁRIO AJUSTAR"),"Pendência de TACH",IF(AND(C19>0,K19="Aguardando Aprovação"),"Sem Pendência de TACH",IF(AND(C19>0,K19="Aprovado"),"Sem Pendência de TACH",IF(AND(C19>0,KL="Finalizado"),"Pendência de TACH",IF(AND(C19>0,KL="Não Criado"),"Pendência de TACH",IF(AND(C19>0,KL="Rascunho"),"Pendência de TACH",IF(AND(C19>0,L19="NECESSÁRIO AJUSTAR"),"Pendência de TACH",IF(AND(C19>0,L19="Aguardando Aprovação"),"Sem Pendência de TACH",IF(AND(C19>0,L19="Aprovado"),"Sem Pendência de TACH"))))))))))))))))))))))))} -> #NAME?
M20: =IF(AND(G20="SIM",D20>0),"Pendência de Agenda",IF(AND(G20="NÃO",D20=0),"Sem Pendência",IF(AND(G20="Sim",D20=0),"Sem Pendência",""))) | N20: {=IF(AND(C20>0,I20="Finalizado"),"Pendência de TACH",IF(AND(C20>0,I20="Não Criado"),"Pendência de TACH",IF(AND(C20>0,I20="Rascunho"),"Pendência de TACH",IF(AND(C20>0,I20="NECESSÁRIO AJUSTAR"),"Pendência de TACH",IF(AND(C20>0,I20="Aguardando Aprovação"),"Sem Pendência de TACH",IF(AND(C20>0,I20="Aprovado"),"Sem Pendência de TACH",IF(AND(C20>0,J20="Finalizado"),"Pendência de TACH",IF(AND(C20>0,J20="Não Criado"),"Pendência de TACH",IF(AND(C20>0,J20="Rascunho"),"Pendência de TACH",IF(AND(C20>0,J20="NECESSÁRIO AJUSTAR"),"Pendência de TACH",IF(AND(C20>0,J20="Aguardando Aprovação"),"Sem Pendência de TACH",IF(AND(C20>0,J20="Aprovado"),"Sem Pendência de TACH",IF(AND(C20>0,K20="Finalizado"),"Pendência de TACH",IF(AND(C20>0,K20="Não Criado"),"Pendência de TACH",IF(AND(C20>0,K20="Rascunho"),"Pendência de TACH",IF(AND(C20>0,K20="NECESSÁRIO AJUSTAR"),"Pendência de TACH",IF(AND(C20>0,K20="Aguardando Aprovação"),"Sem Pendência de TACH",IF(AND(C20>0,K20="Aprovado"),"Sem Pendência de TACH",IF(AND(C20>0,KL="Finalizado"),"Pendência de TACH",IF(AND(C20>0,KL="Não Criado"),"Pendência de TACH",IF(AND(C20>0,KL="Rascunho"),"Pendência de TACH",IF(AND(C20>0,L20="NECESSÁRIO AJUSTAR"),"Pendência de TACH",IF(AND(C20>0,L20="Aguardando Aprovação"),"Sem Pendência de TACH",IF(AND(C20>0,L20="Aprovado"),"Sem Pendência de TACH"))))))))))))))))))))))))} -> #NAME?
M21: =IF(AND(G21="SIM",D22>0),"Pendência de Agenda",IF(AND(G21="NÃO",D22=0),"Sem Pendência",IF(AND(G21="Sim",D22=0),"Sem Pendência",""))) | N21: {=IF(AND(C21>0,I21="Finalizado"),"Pendência de TACH",IF(AND(C21>0,I21="Não Criado"),"Pendência de TACH",IF(AND(C21>0,I21="Rascunho"),"Pendência de TACH",IF(AND(C21>0,I21="NECESSÁRIO AJUSTAR"),"Pendência de TACH",IF(AND(C21>0,I21="Aguardando Aprovação"),"Sem Pendência de TACH",IF(AND(C21>0,I21="Aprovado"),"Sem Pendência de TACH",IF(AND(C21>0,J21="Finalizado"),"Pendência de TACH",IF(AND(C21>0,J21="Não Criado"),"Pendência de TACH",IF(AND(C21>0,J21="Rascunho"),"Pendência de TACH",IF(AND(C21>0,J21="NECESSÁRIO AJUSTAR"),"Pendência de TACH",IF(AND(C21>0,J21="Aguardando Aprovação"),"Sem Pendência de TACH",IF(AND(C21>0,J21="Aprovado"),"Sem Pendência de TACH",IF(AND(C21>0,K21="Finalizado"),"Pendência de TACH",IF(AND(C21>0,K21="Não Criado"),"Pendência de TACH",IF(AND(C21>0,K21="Rascunho"),"Pendência de TACH",IF(AND(C21>0,K21="NECESSÁRIO AJUSTAR"),"Pendência de TACH",IF(AND(C21>0,K21="Aguardando Aprovação"),"Sem Pendência de TACH",IF(AND(C21>0,K21="Aprovado"),"Sem Pendência de TACH",IF(AND(C21>0,KL="Finalizado"),"Pendência de TACH",IF(AND(C21>0,KL="Não Criado"),"Pendência de TACH",IF(AND(C21>0,KL="Rascunho"),"Pendência de TACH",IF(AND(C21>0,L21="NECESSÁRIO AJUSTAR"),"Pendência de TACH",IF(AND(C21>0,L21="Aguardando Aprovação"),"Sem Pendência de TACH",IF(AND(C21>0,L21="Aprovado"),"Sem Pendência de TACH"))))))))))))))))))))))))} -> #NAME?
M22: =IF(AND(G22="SIM",D22>0),"Pendência de Agenda",IF(AND(G22="NÃO",D22=0),"Sem Pendência",IF(AND(G22="Sim",D22=0),"Sem Pendência",""))) | N22: {=IF(AND(C22>0,I22="Finalizado"),"Pendência de TACH",IF(AND(C22>0,I22="Não Criado"),"Pendência de TACH",IF(AND(C22>0,I22="Rascunho"),"Pendência de TACH",IF(AND(C22>0,I22="NECESSÁRIO AJUSTAR"),"Pendência de TACH",IF(AND(C22>0,I22="Aguardando Aprovação"),"Sem Pendência de TACH",IF(AND(C22>0,I22="Aprovado"),"Sem Pendência de TACH",IF(AND(C22>0,J22="Finalizado"),"Pendência de TACH",IF(AND(C22>0,J22="Não Criado"),"Pendência de TACH",IF(AND(C22>0,J22="Rascunho"),"Pendência de TACH",IF(AND(C22>0,J22="NECESSÁRIO AJUSTAR"),"Pendência de TACH",IF(AND(C22>0,J22="Aguardando Aprovação"),"Sem Pendência de TACH",IF(AND(C22>0,J22="Aprovado"),"Sem Pendência de TACH",IF(AND(C22>0,K22="Finalizado"),"Pendência de TACH",IF(AND(C22>0,K22="Não Criado"),"Pendência de TACH",IF(AND(C22>0,K22="Rascunho"),"Pendência de TACH",IF(AND(C22>0,K22="NECESSÁRIO AJUSTAR"),"Pendência de TACH",IF(AND(C22>0,K22="Aguardando Aprovação"),"Sem Pendência de TACH",IF(AND(C22>0,K22="Aprovado"),"Sem Pendência de TACH",IF(AND(C22>0,KL="Finalizado"),"Pendência de TACH",IF(AND(C22>0,KL="Não Criado"),"Pendência de TACH",IF(AND(C22>0,KL="Rascunho"),"Pendência de TACH",IF(AND(C22>0,L22="NECESSÁRIO AJUSTAR"),"Pendência de TACH",IF(AND(C22>0,L22="Aguardando Aprovação"),"Sem Pendência de TACH",IF(AND(C22>0,L22="Aprovado"),"Sem Pendência de TACH"))))))))))))))))))))))))} -> #NAME?
M23: =IF(AND(G23="SIM",D23>0),"Pendência de Agenda",IF(AND(G23="NÃO",D23=0),"Sem Pendência",IF(AND(G23="Sim",D23=0),"Sem Pendência",""))) | N23: {=IF(AND(C23>0,I23="Finalizado"),"Pendência de TACH",IF(AND(C23>0,I23="Não Criado"),"Pendência de TACH",IF(AND(C23>0,I23="Rascunho"),"Pendência de TACH",IF(AND(C23>0,I23="NECESSÁRIO AJUSTAR"),"Pendência de TACH",IF(AND(C23>0,I23="Aguardando Aprovação"),"Sem Pendência de TACH",IF(AND(C23>0,I23="Aprovado"),"Sem Pendência de TACH",IF(AND(C23>0,J23="Finalizado"),"Pendência de TACH",IF(AND(C23>0,J23="Não Criado"),"Pendência de TACH",IF(AND(C23>0,J23="Rascunho"),"Pendência de TACH",IF(AND(C23>0,J23="NECESSÁRIO AJUSTAR"),"Pendência de TACH",IF(AND(C23>0,J23="Aguardando Aprovação"),"Sem Pendência de TACH",IF(AND(C23>0,J23="Aprovado"),"Sem Pendência de TACH",IF(AND(C23>0,K23="Finalizado"),"Pendência de TACH",IF(AND(C23>0,K23="Não Criado"),"Pendência de TACH",IF(AND(C23>0,K23="Rascunho"),"Pendência de TACH",IF(AND(C23>0,K23="NECESSÁRIO AJUSTAR"),"Pendência de TACH",IF(AND(C23>0,K23="Aguardando Aprovação"),"Sem Pendência de TACH",IF(AND(C23>0,K23="Aprovado"),"Sem Pendência de TACH",IF(AND(C23>0,KL="Finalizado"),"Pendência de TACH",IF(AND(C23>0,KL="Não Criado"),"Pendência de TACH",IF(AND(C23>0,KL="Rascunho"),"Pendência de TACH",IF(AND(C23>0,L23="NECESSÁRIO AJUSTAR"),"Pendência de TACH",IF(AND(C23>0,L23="Aguardando Aprovação"),"Sem Pendência de TACH",IF(AND(C23>0,L23="Aprovado"),"Sem Pendência de TACH"))))))))))))))))))))))))} -> #NAME?
M24: =IF(AND(G24="SIM",D24>0),"Pendência de Agenda",IF(AND(G24="NÃO",D24=0),"Sem Pendência",IF(AND(G24="Sim",D24=0),"Sem Pendência",""))) | N24: {=IF(AND(C24>0,I24="Finalizado"),"Pendência de TACH",IF(AND(C24>0,I24="Não Criado"),"Pendência de TACH",IF(AND(C24>0,I24="Rascunho"),"Pendência de TACH",IF(AND(C24>0,I24="NECESSÁRIO AJUSTAR"),"Pendência de TACH",IF(AND(C24>0,I24="Aguardando Aprovação"),"Sem Pendência de TACH",IF(AND(C24>0,I24="Aprovado"),"Sem Pendência de TACH",IF(AND(C24>0,J24="Finalizado"),"Pendência de TACH",IF(AND(C24>0,J24="Não Criado"),"Pendência de TACH",IF(AND(C24>0,J24="Rascunho"),"Pendência de TACH",IF(AND(C24>0,J24="NECESSÁRIO AJUSTAR"),"Pendência de TACH",IF(AND(C24>0,J24="Aguardando Aprovação"),"Sem Pendência de TACH",IF(AND(C24>0,J24="Aprovado"),"Sem Pendência de TACH",IF(AND(C24>0,K24="Finalizado"),"Pendência de TACH",IF(AND(C24>0,K24="Não Criado"),"Pendência de TACH",IF(AND(C24>0,K24="Rascunho"),"Pendência de TACH",IF(AND(C24>0,K24="NECESSÁRIO AJUSTAR"),"Pendência de TACH",IF(AND(C24>0,K24="Aguardando Aprovação"),"Sem Pendência de TACH",IF(AND(C24>0,K24="Aprovado"),"Sem Pendência de TACH",IF(AND(C24>0,KL="Finalizado"),"Pendência de TACH",IF(AND(C24>0,KL="Não Criado"),"Pendência de TACH",IF(AND(C24>0,KL="Rascunho"),"Pendência de TACH",IF(AND(C24>0,L24="NECESSÁRIO AJUSTAR"),"Pendência de TACH",IF(AND(C24>0,L24="Aguardando Aprovação"),"Sem Pendência de TACH",IF(AND(C24>0,L24="Aprovado"),"Sem Pendência de TACH"))))))))))))))))))))))))} -> #NAME?
M25: =IF(AND(G25="SIM",D25>0),"Pendência de Agenda",IF(AND(G25="NÃO",D25=0),"Sem Pendência",IF(AND(G25="Sim",D25=0),"Sem Pendência",""))) | N25: {=IF(AND(C25>0,I25="Finalizado"),"Pendência de TACH",IF(AND(C25>0,I25="Não Criado"),"Pendência de TACH",IF(AND(C25>0,I25="Rascunho"),"Pendência de TACH",IF(AND(C25>0,I25="NECESSÁRIO AJUSTAR"),"Pendência de TACH",IF(AND(C25>0,I25="Aguardando Aprovação"),"Sem Pendência de TACH",IF(AND(C25>0,I25="Aprovado"),"Sem Pendência de TACH",IF(AND(C25>0,J25="Finalizado"),"Pendência de TACH",IF(AND(C25>0,J25="Não Criado"),"Pendência de TACH",IF(AND(C25>0,J25="Rascunho"),"Pendência de TACH",IF(AND(C25>0,J25="NECESSÁRIO AJUSTAR"),"Pendência de TACH",IF(AND(C25>0,J25="Aguardando Aprovação"),"Sem Pendência de TACH",IF(AND(C25>0,J25="Aprovado"),"Sem Pendência de TACH",IF(AND(C25>0,K25="Finalizado"),"Pendência de TACH",IF(AND(C25>0,K25="Não Criado"),"Pendência de TACH",IF(AND(C25>0,K25="Rascunho"),"Pendência de TACH",IF(AND(C25>0,K25="NECESSÁRIO AJUSTAR"),"Pendência de TACH",IF(AND(C25>0,K25="Aguardando Aprovação"),"Sem Pendência de TACH",IF(AND(C25>0,K25="Aprovado"),"Sem Pendência de TACH",IF(AND(C25>0,KL="Finalizado"),"Pendência de TACH",IF(AND(C25>0,KL="Não Criado"),"Pendência de TACH",IF(AND(C25>0,KL="Rascunho"),"Pendência de TACH",IF(AND(C25>0,L25="NECESSÁRIO AJUSTAR"),"Pendência de TACH",IF(AND(C25>0,L25="Aguardando Aprovação"),"Sem Pendência de TACH",IF(AND(C25>0,L25="Aprovado"),"Sem Pendência de TACH"))))))))))))))))))))))))} -> #NAME?
M26: =IF(AND(G26="SIM",D26>0),"Pendência de Agenda",IF(AND(G26="NÃO",D26=0),"Sem Pendência",IF(AND(G26="Sim",D26=0),"Sem Pendência",""))) | N26: {=IF(AND(C26>0,I26="Finalizado"),"Pendência de TACH",IF(AND(C26>0,I26="Não Criado"),"Pendência de TACH",IF(AND(C26>0,I26="Rascunho"),"Pendência de TACH",IF(AND(C26>0,I26="NECESSÁRIO AJUSTAR"),"Pendência de TACH",IF(AND(C26>0,I26="Aguardando Aprovação"),"Sem Pendência de TACH",IF(AND(C26>0,I26="Aprovado"),"Sem Pendência de TACH",IF(AND(C26>0,J26="Finalizado"),"Pendência de TACH",IF(AND(C26>0,J26="Não Criado"),"Pendência de TACH",IF(AND(C26>0,J26="Rascunho"),"Pendência de TACH",IF(AND(C26>0,J26="NECESSÁRIO AJUSTAR"),"Pendência de TACH",IF(AND(C26>0,J26="Aguardando Aprovação"),"Sem Pendência de TACH",IF(AND(C26>0,J26="Aprovado"),"Sem Pendência de TACH",IF(AND(C26>0,K26="Finalizado"),"Pendência de TACH",IF(AND(C26>0,K26="Não Criado"),"Pendência de TACH",IF(AND(C26>0,K26="Rascunho"),"Pendência de TACH",IF(AND(C26>0,K26="NECESSÁRIO AJUSTAR"),"Pendência de TACH",IF(AND(C26>0,K26="Aguardando Aprovação"),"Sem Pendência de TACH",IF(AND(C26>0,K26="Aprovado"),"Sem Pendência de TACH",IF(AND(C26>0,KL="Finalizado"),"Pendência de TACH",IF(AND(C26>0,KL="Não Criado"),"Pendência de TACH",IF(AND(C26>0,KL="Rascunho"),"Pendência de TACH",IF(AND(C26>0,L26="NECESSÁRIO AJUSTAR"),"Pendência de TACH",IF(AND(C26>0,L26="Aguardando Aprovação"),"Sem Pendência de TACH",IF(AND(C26>0,L26="Aprovado"),"Sem Pendência de TACH"))))))))))))))))))))))))} -> #NAME?
M27: =IF(AND(G27="SIM",D27>0),"Pendência de Agenda",IF(AND(G27="NÃO",D27=0),"Sem Pendência",IF(AND(G27="Sim",D27=0),"Sem Pendência",""))) | N27: {=IF(AND(C27>0,I27="Finalizado"),"Pendência de TACH",IF(AND(C27>0,I27="Não Criado"),"Pendência de TACH",IF(AND(C27>0,I27="Rascunho"),"Pendência de TACH",IF(AND(C27>0,I27="NECESSÁRIO AJUSTAR"),"Pendência de TACH",IF(AND(C27>0,I27="Aguardando Aprovação"),"Sem Pendência de TACH",IF(AND(C27>0,I27="Aprovado"),"Sem Pendência de TACH",IF(AND(C27>0,J27="Finalizado"),"Pendência de TACH",IF(AND(C27>0,J27="Não Criado"),"Pendência de TACH",IF(AND(C27>0,J27="Rascunho"),"Pendência de TACH",IF(AND(C27>0,J27="NECESSÁRIO AJUSTAR"),"Pendência de TACH",IF(AND(C27>0,J27="Aguardando Aprovação"),"Sem Pendência de TACH",IF(AND(C27>0,J27="Aprovado"),"Sem Pendência de TACH",IF(AND(C27>0,K27="Finalizado"),"Pendência de TACH",IF(AND(C27>0,K27="Não Criado"),"Pendência de TACH",IF(AND(C27>0,K27="Rascunho"),"Pendência de TACH",IF(AND(C27>0,K27="NECESSÁRIO AJUSTAR"),"Pendência de TACH",IF(AND(C27>0,K27="Aguardando Aprovação"),"Sem Pendência de TACH",IF(AND(C27>0,K27="Aprovado"),"Sem Pendência de TACH",IF(AND(C27>0,KL="Finalizado"),"Pendência de TACH",IF(AND(C27>0,KL="Não Criado"),"Pendência de TACH",IF(AND(C27>0,KL="Rascunho"),"Pendência de TACH",IF(AND(C27>0,L27="NECESSÁRIO AJUSTAR"),"Pendência de TACH",IF(AND(C27>0,L27="Aguardando Aprovação"),"Sem Pendência de TACH",IF(AND(C27>0,L27="Aprovado"),"Sem Pendência de TACH"))))))))))))))))))))))))} -> #NAME?
M28: =IF(AND(G28="SIM",D28>0),"Pendência de Agenda",IF(AND(G28="NÃO",D28=0),"Sem Pendência",IF(AND(G28="Sim",D28=0),"Sem Pendência",""))) | N28: {=IF(AND(C28>0,I28="Finalizado"),"Pendência de TACH",IF(AND(C28>0,I28="Não Criado"),"Pendência de TACH",IF(AND(C28>0,I28="Rascunho"),"Pendência de TACH",IF(AND(C28>0,I28="NECESSÁRIO AJUSTAR"),"Pendência de TACH",IF(AND(C28>0,I28="Aguardando Aprovação"),"Sem Pendência de TACH",IF(AND(C28>0,I28="Aprovado"),"Sem Pendência de TACH",IF(AND(C28>0,J28="Finalizado"),"Pendência de TACH",IF(AND(C28>0,J28="Não Criado"),"Pendência de TACH",IF(AND(C28>0,J28="Rascunho"),"Pendência de TACH",IF(AND(C28>0,J28="NECESSÁRIO AJUSTAR"),"Pendência de TACH",IF(AND(C28>0,J28="Aguardando Aprovação"),"Sem Pendência de TACH",IF(AND(C28>0,J28="Aprovado"),"Sem Pendência de TACH",IF(AND(C28>0,K28="Finalizado"),"Pendência de TACH",IF(AND(C28>0,K28="Não Criado"),"Pendência de TACH",IF(AND(C28>0,K28="Rascunho"),"Pendência de TACH",IF(AND(C28>0,K28="NECESSÁRIO AJUSTAR"),"Pendência de TACH",IF(AND(C28>0,K28="Aguardando Aprovação"),"Sem Pendência de TACH",IF(AND(C28>0,K28="Aprovado"),"Sem Pendência de TACH",IF(AND(C28>0,KL="Finalizado"),"Pendência de TACH",IF(AND(C28>0,KL="Não Criado"),"Pendência de TACH",IF(AND(C28>0,KL="Rascunho"),"Pendência de TACH",IF(AND(C28>0,L28="NECESSÁRIO AJUSTAR"),"Pendência de TACH",IF(AND(C28>0,L28="Aguardando Aprovação"),"Sem Pendência de TACH",IF(AND(C28>0,L28="Aprovado"),"Sem Pendência de TACH"))))))))))))))))))))))))} -> #NAME?
M29: =IF(AND(G29="SIM",D29>0),"Pendência de Agenda",IF(AND(G29="NÃO",D29=0),"Sem Pendência",IF(AND(G29="Sim",D29=0),"Sem Pendência",""))) | N29: {=IF(AND(C29>0,I29="Finalizado"),"Pendência de TACH",IF(AND(C29>0,I29="Não Criado"),"Pendência de TACH",IF(AND(C29>0,I29="Rascunho"),"Pendência de TACH",IF(AND(C29>0,I29="NECESSÁRIO AJUSTAR"),"Pendência de TACH",IF(AND(C29>0,I29="Aguardando Aprovação"),"Sem Pendência de TACH",IF(AND(C29>0,I29="Aprovado"),"Sem Pendência de TACH",IF(AND(C29>0,J29="Finalizado"),"Pendência de TACH",IF(AND(C29>0,J29="Não Criado"),"Pendência de TACH",IF(AND(C29>0,J29="Rascunho"),"Pendência de TACH",IF(AND(C29>0,J29="NECESSÁRIO AJUSTAR"),"Pendência de TACH",IF(AND(C29>0,J29="Aguardando Aprovação"),"Sem Pendência de TACH",IF(AND(C29>0,J29="Aprovado"),"Sem Pendência de TACH",IF(AND(C29>0,K29="Finalizado"),"Pendência de TACH",IF(AND(C29>0,K29="Não Criado"),"Pendência de TACH",IF(AND(C29>0,K29="Rascunho"),"Pendência de TACH",IF(AND(C29>0,K29="NECESSÁRIO AJUSTAR"),"Pendência de TACH",IF(AND(C29>0,K29="Aguardando Aprovação"),"Sem Pendência de TACH",IF(AND(C29>0,K29="Aprovado"),"Sem Pendência de TACH",IF(AND(C29>0,KL="Finalizado"),"Pendência de TACH",IF(AND(C29>0,KL="Não Criado"),"Pendência de TACH",IF(AND(C29>0,KL="Rascunho"),"Pendência de TACH",IF(AND(C29>0,L29="NECESSÁRIO AJUSTAR"),"Pendência de TACH",IF(AND(C29>0,L29="Aguardando Aprovação"),"Sem Pendência de TACH",IF(AND(C29>0,L29="Aprovado"),"Sem Pendência de TACH"))))))))))))))))))))))))} -> #NAME?
N30: {=IF(AND(C30>0,I30="Finalizado"),"Pendência de TACH",IF(AND(C30>0,I30="Não Criado"),"Pendência de TACH",IF(AND(C30>0,I30="Rascunho"),"Pendência de TACH",IF(AND(C30>0,I30="NECESSÁRIO AJUSTAR"),"Pendência de TACH",IF(AND(C30>0,I30="Aguardando Aprovação"),"Sem Pendência de TACH",IF(AND(C30>0,I30="Aprovado"),"Sem Pendência de TACH",IF(AND(C30>0,J30="Finalizado"),"Pendência de TACH",IF(AND(C30>0,J30="Não Criado"),"Pendência de TACH",IF(AND(C30>0,J30="Rascunho"),"Pendência de TACH",IF(AND(C30>0,J30="NECESSÁRIO AJUSTAR"),"Pendência de TACH",IF(AND(C30>0,J30="Aguardando Aprovação"),"Sem Pendência de TACH",IF(AND(C30>0,J30="Aprovado"),"Sem Pendência de TACH",IF(AND(C30>0,K30="Finalizado"),"Pendência de TACH",IF(AND(C30>0,K30="Não Criado"),"Pendência de TACH",IF(AND(C30>0,K30="Rascunho"),"Pendência de TACH",IF(AND(C30>0,K30="NECESSÁRIO AJUSTAR"),"Pendência de TACH",IF(AND(C30>0,K30="Aguardando Aprovação"),"Sem Pendência de TACH",IF(AND(C30>0,K30="Aprovado"),"Sem Pendência de TACH",IF(AND(C30>0,KL="Finalizado"),"Pendência de TACH",IF(AND(C30>0,KL="Não Criado"),"Pendência de TACH",IF(AND(C30>0,KL="Rascunho"),"Pendência de TACH",IF(AND(C30>0,L30="NECESSÁRIO AJUSTAR"),"Pendência de TACH",IF(AND(C30>0,L30="Aguardando Aprovação"),"Sem Pendência de TACH",IF(AND(C30>0,L30="Aprovado"),"Sem Pendência de TACH"))))))))))))))))))))))))} -> #NAME?

Sheet Resultado
A1: MATRICULA | B1: NOME | C1: DATA DE ADMISSÃO | D1: Gera Agenda | E1: CH total de contrato | F1: Horas a alocar | G1: SEMANA 1 - Pend. Agenda | H1: SEMANA 1 - Pend. TACH | I1: Horas a alocar | J1: SEMANA 2 - Pend. Agenda | K1: SEMANA 2 - Pend. TACH | L1: Horas a alocar | M1: SEMANA 3 - Pend. Agenda | N1: SEMANA 3 - Pend. TACH | O1: Horas a alocar | P1: SEMANA 4 - Pend. Agenda | Q1: SEMANA 4 - Pend. TACH | R1: Horas a alocar | S1: SEMANA 5 - Pend. Agenda | T1: SEMANA 5 - Pend. TACH | U1: RESULTADO FINAL - Pend. Agenda | V1: RESULTADO FINAL - Pend. TACH | W1: Contagem Agenda | X1: Contagem TACH | Y1: CONCLUSÃO
A2: 8306 | B2: ADALBERTO CARAMORI PETRY | C2: 02/05/2001 | D2: SIM | E2: 2 | F2: 2 | G2: Pendência de Agenda - FERIADO | H2: Pendência de TACH - FERIADO | I2: 2 | J2: Pendência de Agenda | K2: Pendência de TACH | L2: 2 | M2: Pendência de Agenda | N2: Pendência de Agenda | O2: 2 | P2: Pendência de Agenda | Q2: Pendência de TACH | U2: =IF(AND(E2>0,OR(F2>0,I2>0,L2>0,O2>0,R2>0)),"Pendencia de Agenda e Cartões","") -> Pendencia de Agenda e Cartões | V2: =IF(OR(H2="Pendência de TACH",K2="Pendência de TACH",N2="Pendência de TACH",Q2="Pendência de TACH"),"Pendência de TACH","") -> Pendência de TACH | W2: =COUNTIF(G2:T2,"Pendência de Agenda") -> 4 | X2: =COUNTIF(G2:T2,"Pendência de TACH") -> 2 | Y2: =IF(AND(U2<>"",V2<>""),U2&" ("&W2&") & "&V2&" ("&X2&")",IF(U2<>"",U2&" ("&W2&")",IF(V2<>"",V2&" ("&X2&")",""))) -> Pendencia de Agenda e Cartões (4) & Pendência de TACH (2) | Z2: 6
A3: 90013836 | B3: ANA LUIZA CHALUSNHAK | C3: 23/02/2026 | D3: SIM | E3: 2 | F3: 2 | G3: Pendência de Agenda - FERIADO | H3: Pendência de TACH - FERIADO | I3: 2 | J3: Pendência de Agenda | K3: Pendência de TACH | L3: 2 | M3: Pendência de Agenda | N3: Pendência de Agenda | O3: 2 | P3: Pendência de Agenda | Q3: Pendência de TACH | U3: =IF(AND(E3>0,OR(F3>0,I3>0,L3>0,O3>0,R3>0)),"Pendencia de Agenda e Cartões","") -> Pendencia de Agenda e Cartões | V3: =IF(OR(H3="Pendência de TACH",K3="Pendência de TACH",N3="Pendência de TACH",Q3="Pendência de TACH"),"Pendência de TACH","") -> Pendência de TACH | W3: =COUNTIF(G3:T3,"Pendência de Agenda") -> 4 | X3: =COUNTIF(G3:T3,"Pendência de TACH") -> 2 | Y3: =IF(AND(U3<>"",V3<>""),U3&" ("&W3&") & "&V3&" ("&X3&")",IF(U3<>"",U3&" ("&W3&")",IF(V3<>"",V3&" ("&X3&")",""))) -> Pendencia de Agenda e Cartões (4) & Pendência de TACH (2) | Z3: 6
A4: 90009703 | B4: ANDERSON NITSCHE | C4: 01/03/2023 | D4: SIM | E4: 18 | F4: 18 | G4: Pendência de Agenda - FERIADO | H4: Pendência de TACH - FERIADO | I4: 18 | J4: Pendência de Agenda | K4: Pendência de TACH | L4: 18 | M4: Pendência de Agenda | N4: Pendência de Agenda | O4: 18 | P4: Pendência de Agenda | Q4: Pendência de TACH | U4: =IF(AND(E4>0,OR(F4>0,I4>0,L4>0,O4>0,R4>0)),"Pendencia de Agenda e Cartões","") -> Pendencia de Agenda e Cartões | V4: =IF(OR(H4="Pendência de TACH",K4="Pendência de TACH",N4="Pendência de TACH",Q4="Pendência de TACH"),"Pendência de TACH","") -> Pendência de TACH | W4: =COUNTIF(G4:T4,"Pendência de Agenda") -> 4 | X4: =COUNTIF(G4:T4,"Pendência de TACH") -> 2 | Y4: =IF(AND(U4<>"",V4<>""),U4&" ("&W4&") & "&V4&" ("&X4&")",IF(U4<>"",U4&" ("&W4&")",IF(V4<>"",V4&" ("&X4&")",""))) -> Pendencia de Agenda e Cartões (4) & Pendência de TACH (2) | Z4: 54
A5: 90014229 | B5: ANDRE LUIZ DE SOUZA PAULA | C5: 11/05/2026 | D5: SIM | E5: 6 | F5: 6 | G5: Pendência de Agenda - FERIADO | H5: Pendência de TACH - FERIADO | I5: 0 | J5: - | K5: - | L5: 0 | M5: - | N5: - | O5: 0 | P5: - | Q5: - | U5: =IF(AND(E5>0,OR(F5>0,I5>0,L5>0,O5>0,R5>0)),"Pendencia de Agenda e Cartões","") -> Pendencia de Agenda e Cartões | V5: =IF(OR(H5="Pendência de TACH",K5="Pendência de TACH",N5="Pendência de TACH",Q5="Pendência de TACH"),"Pendência de TACH","") | W5: =COUNTIF(G5:T5,"Pendência de Agenda") -> 0 | X5: =COUNTIF(G5:T5,"Pendência de TACH") -> 0 | Y5: =IF(AND(U5<>"",V5<>""),U5&" ("&W5&") & "&V5&" ("&X5&")",IF(U5<>"",U5&" ("&W5&")",IF(V5<>"",V5&" ("&X5&")",""))) -> Pendencia de Agenda e Cartões (0) | Z5: 0
A6: 90005226 | B6: CESAR RIBEIRO ZUCCOLI | C6: 01/04/2019 | D6: SIM | E6: 14 | F6: 14 | G6: Pendência de Agenda - FERIADO | H6: Sem Pendência de TACH - FERIADO | I6: 14 | J6: Pendência de Agenda | K6: Sem Pendência de TACH | L6: 14 | M6: Pendência de Agenda | N6: Sem Pendência de TACH | O6: 14 | P6: Pendência de Agenda | Q6: Sem Pendência de TACH | U6: =IF(AND(E6>0,OR(F6>0,I6>0,L6>0,O6>0,R6>0)),"Pendencia de Agenda e Cartões","") -> Pendencia de Agenda e Cartões | V6: =IF(OR(H6="Pendência de TACH",K6="Pendência de TACH",N6="Pendência de TACH",Q6="Pendência de TACH"),"Pendência de TACH","") | W6: =COUNTIF(G6:T6,"Pendência de Agenda") -> 3 | X6: =COUNTIF(G6:T6,"Pendência de TACH") -> 0 | Y6: =IF(AND(U6<>"",V6<>""),U6&" ("&W6&") & "&V6&" ("&X6&")",IF(U6<>"",U6&" ("&W6&")",IF(V6<>"",V6&" ("&X6&")",""))) -> Pendencia de Agenda e Cartões (3) | Z6: 42
A7: 19800 | B7: CLAUDIA MARIA BORGES COSTA PINTO | C7: 03/03/2009 | D7: SIM | E7: 7 | F7: 7 | G7: Pendência de Agenda - FERIADO | H7: Sem Pendência de TACH - FERIADO | I7: 0 | J7: - | K7: - | L7: 0 | M7: - | N7: - | O7: 1 | P7: - | Q7: - | U7: =IF(AND(E7>0,OR(F7>0,I7>0,L7>0,O7>0,R7>0)),"Pendencia de Agenda e Cartões","") -> Pendencia de Agenda e Cartões | V7: =IF(OR(H7="Pendência de TACH",K7="Pendência de TACH",N7="Pendência de TACH",Q7="Pendência de TACH"),"Pendência de TACH","") | W7: =COUNTIF(G7:T7,"Pendência de Agenda") -> 0 | X7: =COUNTIF(G7:T7,"Pendência de TACH") -> 0 | Y7: =IF(AND(U7<>"",V7<>""),U7&" ("&W7&") & "&V7&" ("&X7&")",IF(U7<>"",U7&" ("&W7&")",IF(V7<>"",V7&" ("&X7&")",""))) -> Pendencia de Agenda e Cartões (0) | Z7: 1
A8: 90013955 | B8: EMILE FERNANDES SPINASSI TEIXEIRA | C8: 09/03/2026 | D8: SIM | E8: 3 | F8: 3 | G8: Pendência de Agenda - FERIADO | H8: Sem Pendência de TACH - FERIADO | I8: 3 | J8: Pendência de Agenda | K8: Sem Pendência de TACH | L8: 3 | M8: Pendência de Agenda | N8: Pendência de Agenda | O8: 3 | P8: Pendência de Agenda | Q8: Sem Pendência de TACH | U8: =IF(AND(E8>0,OR(F8>0,I8>0,L8>0,O8>0,R8>0)),"Pendencia de Agenda e Cartões","") -> Pendencia de Agenda e Cartões | V8: =IF(OR(H8="Pendência de TACH",K8="Pendência de TACH",N8="Pendência de TACH",Q8="Pendência de TACH"),"Pendência de TACH","") | W8: =COUNTIF(G8:T8,"Pendência de Agenda") -> 4 | X8: =COUNTIF(G8:T8,"Pendência de TACH") -> 0 | Y8: =IF(AND(U8<>"",V8<>""),U8&" ("&W8&") & "&V8&" ("&X8&")",IF(U8<>"",U8&" ("&W8&")",IF(V8<>"",V8&" ("&X8&")",""))) -> Pendencia de Agenda e Cartões (4) | Z8: 9
A9: 90010315 | B9: FERNANDA CATAFESTA UTZUMI | C9: 07/08/2023 | D9: SIM | E9: 20 | F9: 20 | G9: Pendência de Agenda - FERIADO | H9: Pendência de TACH - FERIADO | I9: 20 | J9: Pendência de Agenda | K9: Sem Pendência de TACH | L9: 20 | M9: Pendência de Agenda | N9: Pendência de Agenda | O9: 0 | P9: - | Q9: - | U9: =IF(AND(E9>0,OR(F9>0,I9>0,L9>0,O9>0,R9>0)),"Pendencia de Agenda e Cartões","") -> Pendencia de Agenda e Cartões | V9: =IF(OR(H9="Pendência de TACH",K9="Pendência de TACH",N9="Pendência de TACH",Q9="Pendência de TACH"),"Pendência de TACH","") | W9: =COUNTIF(G9:T9,"Pendência de Agenda") -> 3 | X9: =COUNTIF(G9:T9,"Pendência de TACH") -> 0 | Y9: =IF(AND(U9<>"",V9<>""),U9&" ("&W9&") & "&V9&" ("&X9&")",IF(U9<>"",U9&" ("&W9&")",IF(V9<>"",V9&" ("&X9&")",""))) -> Pendencia de Agenda e Cartões (3) | Z9: 40
A10: 90003306 | B10: HORACIO ALVARENGA MOREIRA | C10: 02/10/2017 | D10: SIM | E10: 8 | F10: 8 | G10: Pendência de Agenda - FERIADO | H10: Pendência de TACH - FERIADO | I10: 8 | J10: Pendência de Agenda | K10: Pendência de TACH | L10: 8 | M10: Pendência de Agenda | N10: Pendência de Agenda | O10: 0 | P10: - | Q10: - | U10: =IF(AND(E10>0,OR(F10>0,I10>0,L10>0,O10>0,R10>0)),"Pendencia de Agenda e Cartões","") -> Pendencia de Agenda e Cartões | V10: =IF(OR(H10="Pendência de TACH",K10="Pendência de TACH",N10="Pendência de TACH",Q10="Pendência de TACH"),"Pendência de TACH","") -> Pendência de TACH | W10: =COUNTIF(G10:T10,"Pendência de Agenda") -> 3 | X10: =COUNTIF(G10:T10,"Pendência de TACH") -> 1 | Y10: =IF(AND(U10<>"",V10<>""),U10&" ("&W10&") & "&V10&" ("&X10&")",IF(U10<>"",U10&" ("&W10&")",IF(V10<>"",V10&" ("&X10&")",""))) -> Pendencia de Agenda e Cartões (3) & Pendência de TACH (1) | Z10: 16
A11: 90003308 | B11: ISABELA MAYUMI NAKANISHI TAKAKI | C11: 02/10/2017 | D11: SIM | E11: 34 | F11: 22 | G11: Pendência de Agenda - FERIADO | H11: Pendência de TACH - FERIADO | I11: 0 | J11: - | K11: - | L11: 0 | M11: - | N11: - | O11: 0 | P11: - | Q11: - | U11: =IF(AND(E11>0,OR(F11>0,I11>0,L11>0,O11>0,R11>0)),"Pendencia de Agenda e Cartões","") -> Pendencia de Agenda e Cartões | V11: =IF(OR(H11="Pendência de TACH",K11="Pendência de TACH",N11="Pendência de TACH",Q11="Pendência de TACH"),"Pendência de TACH","") | W11: =COUNTIF(G11:T11,"Pendência de Agenda") -> 0 | X11: =COUNTIF(G11:T11,"Pendência de TACH") -> 0 | Y11: =IF(AND(U11<>"",V11<>""),U11&" ("&W11&") & "&V11&" ("&X11&")",IF(U11<>"",U11&" ("&W11&")",IF(V11<>"",V11&" ("&X11&")",""))) -> Pendencia de Agenda e Cartões (0) | Z11: 0
A12: 90003039 | B12: JAMILE DA COSTA RIECHI | C12: 24/07/2017 | D12: SIM | E12: 20 | F12: 2 | G12: Pendência de Agenda - FERIADO | H12: Sem Pendência de TACH - FERIADO | I12: 0 | J12: - | K12: - | L12: 0 | M12: - | N12: - | O12: 0 | P12: - | Q12: - | U12: =IF(AND(E12>0,OR(F12>0,I12>0,L12>0,O12>0,R12>0)),"Pendencia de Agenda e Cartões","") -> Pendencia de Agenda e Cartões | V12: =IF(OR(H12="Pendência de TACH",K12="Pendência de TACH",N12="Pendência de TACH",Q12="Pendência de TACH"),"Pendência de TACH","") | W12: =COUNTIF(G12:T12,"Pendência de Agenda") -> 0 | X12: =COUNTIF(G12:T12,"Pendência de TACH") -> 0 | Y12: =IF(AND(U12<>"",V12<>""),U12&" ("&W12&") & "&V12&" ("&X12&")",IF(U12<>"",U12&" ("&W12&")",IF(V12<>"",V12&" ("&X12&")",""))) -> Pendencia de Agenda e Cartões (0) | Z12: 0
A13: 90013958 | B13: JEFERSON DA COSTA VAZ | C13: 09/03/2026 | D13: SIM | E13: 2 | F13: 2 | G13: Pendência de Agenda - FERIADO | H13: Pendência de TACH - FERIADO | I13: 2 | J13: Pendência de Agenda | K13: Pendência de TACH | L13: 2 | M13: Pendência de Agenda | N13: Pendência de Agenda | O13: 2 | P13: Pendência de Agenda | Q13: Pendência de TACH | U13: =IF(AND(E13>0,OR(F13>0,I13>0,L13>0,O13>0,R13>0)),"Pendencia de Agenda e Cartões","") -> Pendencia de Agenda e Cartões | V13: =IF(OR(H13="Pendência de TACH",K13="Pendência de TACH",N13="Pendência de TACH",Q13="Pendência de TACH"),"Pendência de TACH","") -> Pendência de TACH | W13: =COUNTIF(G13:T13,"Pendência de Agenda") -> 4 | X13: =COUNTIF(G13:T13,"Pendência de TACH") -> 2 | Y13: =IF(AND(U13<>"",V13<>""),U13&" ("&W13&") & "&V13&" ("&X13&")",IF(U13<>"",U13&" ("&W13&")",IF(V13<>"",V13&" ("&X13&")",""))) -> Pendencia de Agenda e Cartões (4) & Pendência de TACH (2) | Z13: 6
A14: 90002614 | B14: JOACHIM ANDRADE | C14: 02/03/2017 | D14: SIM | E14: 2 | F14: 2 | G14: Pendência de Agenda - FERIADO | H14: Sem Pendência de TACH - FERIADO | I14: 0 | J14: - | K14: - | L14: 0 | M14: - | N14: - | O14: 0 | P14: - | Q14: - | U14: =IF(AND(E14>0,OR(F14>0,I14>0,L14>0,O14>0,R14>0)),"Pendencia de Agenda e Cartões","") -> Pendencia de Agenda e Cartões | V14: =IF(OR(H14="Pendência de TACH",K14="Pendência de TACH",N14="Pendência de TACH",Q14="Pendência de TACH"),"Pendência de TACH","") | W14: =COUNTIF(G14:T14,"Pendência de Agenda") -> 0 | X14: =COUNTIF(G14:T14,"Pendência de TACH") -> 0 | Y14: =IF(AND(U14<>"",V14<>""),U14&" ("&W14&") & "&V14&" ("&X14&")",IF(U14<>"",U14&" ("&W14&")",IF(V14<>"",V14&" ("&X14&")",""))) -> Pendencia de Agenda e Cartões (0) | Z14: 0
A15: 90001409 | B15: LUIZ CARLOS CANTANHEDE FERNANDES JUNIOR | C15: 15/02/2016 | D15: SIM | E15: 20 | F15: 20 | G15: Pendência de Agenda - FERIADO | H15: Pendência de TACH - FERIADO | I15: 20 | J15: Pendência de Agenda | K15: Pendência de TACH | L15: 20 | M15: Pendência de Agenda | N15: Pendência de Agenda | O15: 20 | P15: Pendência de Agenda | Q15: Pendência de TACH | U15: =IF(AND(E15>0,OR(F15>0,I15>0,L15>0,O15>0,R15>0)),"Pendencia de Agenda e Cartões","") -> Pendencia de Agenda e Cartões | V15: =IF(OR(H15="Pendência de TACH",K15="Pendência de TACH",N15="Pendência de TACH",Q15="Pendência de TACH"),"Pendência de TACH","") -> Pendência de TACH | W15: =COUNTIF(G15:T15,"Pendência de Agenda") -> 4 | X15: =COUNTIF(G15:T15,"Pendência de TACH") -> 2 | Y15: =IF(AND(U15<>"",V15<>""),U15&" ("&W15&") & "&V15&" ("&X15&")",IF(U15<>"",U15&" ("&W15&")",IF(V15<>"",V15&" ("&X15&")",""))) -> Pendencia de Agenda e Cartões (4) & Pendência de TACH (2) | Z15: 60
A16: 90009989 | B16: MANOEL VALERIO DA SILVEIRA NETO | C16: 02/05/2023 | D16: SIM | E16: 2 | F16: 2 | G16: Pendência de Agenda - FERIADO | H16: Sem Pendência de TACH - FERIADO | I16: 2 | J16: Pendência de Agenda | K16: Sem Pendência de TACH | L16: 2 | M16: Pendência de Agenda | N16: Pendência de Agenda | O16: 0 | P16: - | Q16: - | U16: =IF(AND(E16>0,OR(F16>0,I16>0,L16>0,O16>0,R16>0)),"Pendencia de Agenda e Cartões","") -> Pendencia de Agenda e Cartões | V16: =IF(OR(H16="Pendência de TACH",K16="Pendência de TACH",N16="Pendência de TACH",Q16="Pendência de TACH"),"Pendência de TACH","") | W16: =COUNTIF(G16:T16,"Pendência de Agenda") -> 3 | X16: =COUNTIF(G16:T16,"Pendência de TACH") -> 0 | Y16: =IF(AND(U16<>"",V16<>""),U16&" ("&W16&") & "&V16&" ("&X16&")",IF(U16<>"",U16&" ("&W16&")",IF(V16<>"",V16&" ("&X16&")",""))) -> Pendencia de Agenda e Cartões (3) | Z16: 4
A17: 90012360 | B17: MANUELA TORRADO TRUITI | C17: 10/02/2025 | D17: SIM | E17: 16 | F17: 16 | G17: Pendência de Agenda - FERIADO | H17: Pendência de TACH - FERIADO | I17: 16 | J17: Pendência de Agenda | K17: Pendência de TACH | L17: 16 | M17: Pendência de Agenda | N17: Pendência de Agenda | O17: 0 | P17: - | Q17: - | U17: =IF(AND(E17>0,OR(F17>0,I17>0,L17>0,O17>0,R17>0)),"Pendencia de Agenda e Cartões","") -> Pendencia de Agenda e Cartões | V17: =IF(OR(H17="Pendência de TACH",K17="Pendência de TACH",N17="Pendência de TACH",Q17="Pendência de TACH"),"Pendência de TACH","") -> Pendência de TACH | W17: =COUNTIF(G17:T17,"Pendência de Agenda") -> 3 | X17: =COUNTIF(G17:T17,"Pendência de TACH") -> 1 | Y17: =IF(AND(U17<>"",V17<>""),U17&" ("&W17&") & "&V17&" ("&X17&")",IF(U17<>"",U17&" ("&W17&")",IF(V17<>"",V17&" ("&X17&")",""))) -> Pendencia de Agenda e Cartões (3) & Pendência de TACH (1) | Z17: 32
A18: 90004950 | B18: MARCO CESAR JORGE DOS SANTOS | C18: 11/02/2019 | D18: SIM | E18: 5 | F18: 5 | G18: Pendência de Agenda - FERIADO | H18: Pendência de TACH - FERIADO | I18: 5 | J18: Pendência de Agenda | K18: Pendência de TACH | L18: 5 | M18: Pendência de Agenda | N18: Pendência de Agenda | O18: 5 | P18: Pendência de Agenda | Q18: Pendência de TACH | U18: =IF(AND(E18>0,OR(F18>0,I18>0,L18>0,O18>0,R18>0)),"Pendencia de Agenda e Cartões","") -> Pendencia de Agenda e Cartões | V18: =IF(OR(H18="Pendência de TACH",K18="Pendência de TACH",N18="Pendência de TACH",Q18="Pendência de TACH"),"Pendência de TACH","") -> Pendência de TACH | W18: =COUNTIF(G18:T18,"Pendência de Agenda") -> 4 | X18: =COUNTIF(G18:T18,"Pendência de TACH") -> 2 | Y18: =IF(AND(U18<>"",V18<>""),U18&" ("&W18&") & "&V18&" ("&X18&")",IF(U18<>"",U18&" ("&W18&")",IF(V18<>"",V18&" ("&X18&")",""))) -> Pendencia de Agenda e Cartões (4) & Pendência de TACH (2) | Z18: 15
A19: 90010258 | B19: MARIA AUGUSTA NASCIMENTO HEIM | C19: 24/07/2023 | D19: SIM | E19: 12 | F19: 12 | G19: Pendência de Agenda - FERIADO | H19: Pendência de TACH - FERIADO | I19: 12 | J19: Pendência de Agenda | K19: Pendência de TACH | L19: 12 | M19: Pendência de Agenda | N19: Pendência de Agenda | O19: 12 | P19: Pendência de Agenda | Q19: Sem Pendência de TACH | U19: =IF(AND(E19>0,OR(F19>0,I19>0,L19>0,O19>0,R19>0)),"Pendencia de Agenda e Cartões","") -> Pendencia de Agenda e Cartões | V19: =IF(OR(H19="Pendência de TACH",K19="Pendência de TACH",N19="Pendência de TACH",Q19="Pendência de TACH"),"Pendência de TACH","") -> Pendência de TACH | W19: =COUNTIF(G19:T19,"Pendência de Agenda") -> 4 | X19: =COUNTIF(G19:T19,"Pendência de TACH") -> 1 | Y19: =IF(AND(U19<>"",V19<>""),U19&" ("&W19&") & "&V19&" ("&X19&")",IF(U19<>"",U19&" ("&W19&")",IF(V19<>"",V19&" ("&X19&")",""))) -> Pendencia de Agenda e Cartões (4) & Pendência de TACH (1) | Z19: 36
A20: 3363 | B20: MARILENA INDIRA WINTER | C20: 09/05/1992 | D20: SIM | E20: 4 | F20: 4 | G20: Pendência de Agenda - FERIADO | H20: Sem Pendência de TACH - FERIADO | I20: 4 | J20: Pendência de Agenda | K20: Sem Pendência de TACH | L20: 4 | M20: Pendência de Agenda | N20: Pendência de Agenda | O20: 0 | P20: - | Q20: - | U20: =IF(AND(E20>0,OR(F20>0,I20>0,L20>0,O20>0,R20>0)),"Pendencia de Agenda e Cartões","") -> Pendencia de Agenda e Cartões | V20: =IF(OR(H20="Pendência de TACH",K20="Pendência de TACH",N20="Pendência de TACH",Q20="Pendência de TACH"),"Pendência de TACH","") | W20: =COUNTIF(G20:T20,"Pendência de Agenda") -> 3 | X20: =COUNTIF(G20:T20,"Pendência de TACH") -> 0 | Y20: =IF(AND(U20<>"",V20<>""),U20&" ("&W20&") & "&V20&" ("&X20&")",IF(U20<>"",U20&" ("&W20&")",IF(V20<>"",V20&" ("&X20&")",""))) -> Pendencia de Agenda e Cartões (3) | Z20: 8
A21: 90010292 | B21: PRISCILA BEATRIZ DE SOUZA MEDEIROS | C21: 07/08/2023 | D21: SIM | E21: 8 | F21: 8 | G21: Pendência de Agenda - FERIADO | H21: Pendência de TACH - FERIADO | I21: 8 | J21: Pendência de Agenda | K21: Pendência de TACH | L21: 8 | M21: Pendência de Agenda | N21: Pendência de Agenda | O21: 8 | P21: Pendência de Agenda | Q21: Sem Pendência de TACH | U21: =IF(AND(E21>0,OR(F21>0,I21>0,L21>0,O21>0,R21>0)),"Pendencia de Agenda e Cartões","") -> Pendencia de Agenda e Cartões | V21: =IF(OR(H21="Pendência de TACH",K21="Pendência de TACH",N21="Pendência de TACH",Q21="Pendência de TACH"),"Pendência de TACH","") -> Pendência de TACH | W21: =COUNTIF(G21:T21,"Pendência de Agenda") -> 4 | X21: =COUNTIF(G21:T21,"Pendência de TACH") -> 1 | Y21: =IF(AND(U21<>"",V21<>""),U21&" ("&W21&") & "&V21&" ("&X21&")",IF(U21<>"",U21&" ("&W21&")",IF(V21<>"",V21&" ("&X21&")",""))) -> Pendencia de Agenda e Cartões (4) & Pendência de TACH (1) | Z21: 24
A22: 31303 | B22: RICARDO BERNARDO DA SILVA | C22: 10/02/2014 | D22: SIM | E22: 28 | F22: 28 | G22: Pendência de Agenda - FERIADO | H22: Pendência de TACH - FERIADO | I22: 28 | J22: Pendência de Agenda | K22: Pendência de TACH | L22: 28 | M22: Pendência de Agenda | N22: Pendência de Agenda | O22: 28 | P22: Pendência de Agenda | Q22: Sem Pendência de TACH | U22: =IF(AND(E22>0,OR(F22>0,I22>0,L22>0,O22>0,R22>0)),"Pendencia de Agenda e Cartões","") -> Pendencia de Agenda e Cartões | V22: =IF(OR(H22="Pendência de TACH",K22="Pendência de TACH",N22="Pendência de TACH",Q22="Pendência de TACH"),"Pendência de TACH","") -> Pendência de TACH | W22: =COUNTIF(G22:T22,"Pendência de Agenda") -> 4 | X22: =COUNTIF(G22:T22,"Pendência de TACH") -> 1 | Y22: =IF(AND(U22<>"",V22<>""),U22&" ("&W22&") & "&V22&" ("&X22&")",IF(U22<>"",U22&" ("&W22&")",IF(V22<>"",V22&" ("&X22&")",""))) -> Pendencia de Agenda e Cartões (4) & Pendência de TACH (1) | Z22: 84
A23: 90013903 | B23: JACKSON LUIS SCHIRIGATTI | C23: 02/03/2026 | D23: SIM | E23: 6 | F23: 0 | G23: Sem Pendência- FERIADO | H23: Pendência de TACH - FERIADO | I23: 0 | J23: - | K23: - | L23: 0 | M23: - | N23: - | O23: 0 | P23: - | Q23: - | U23: =IF(AND(E23>0,OR(F23>0,I23>0,L23>0,O23>0,R23>0)),"Pendencia de Agenda e Cartões","") | V23: =IF(OR(H23="Pendência de TACH",K23="Pendência de TACH",N23="Pendência de TACH",Q23="Pendência de TACH"),"Pendência de TACH","") | W23: =COUNTIF(G23:T23,"Pendência de Agenda") -> 0 | X23: =COUNTIF(G23:T23,"Pendência de TACH") -> 0 | Y23: =IF(AND(U23<>"",V23<>""),U23&" ("&W23&") & "&V23&" ("&X23&")",IF(U23<>"",U23&" ("&W23&")",IF(V23<>"",V23&" ("&X23&")",""))) | Z23: 0
A24: 4717 | B24: LUIZ ALBERTO BLANCHET | C24: 02/05/1995 | D24: NÃO | E24: 28 | F24: 0 | G24: Sem Pendência- FERIADO | H24: Pendência de TACH - FERIADO | I24: 0 | J24: Sem Pendência | K24: Pendência de TACH | L24: 0 | M24: Sem Pendência | N24: Sem Pendência | O24: 0 | P24: Sem Pendência | Q24: Pendência de TACH | U24: =IF(AND(E24>0,OR(F24>0,I24>0,L24>0,O24>0,R24>0)),"Pendencia de Agenda e Cartões","") | V24: =IF(OR(H24="Pendência de TACH",K24="Pendência de TACH",N24="Pendência de TACH",Q24="Pendência de TACH"),"Pendência de TACH","") -> Pendência de TACH | W24: =COUNTIF(G24:T24,"Pendência de Agenda") -> 0 | X24: =COUNTIF(G24:T24,"Pendência de TACH") -> 2 | Y24: =IF(AND(U24<>"",V24<>""),U24&" ("&W24&") & "&V24&" ("&X24&")",IF(U24<>"",U24&" ("&W24&")",IF(V24<>"",V24&" ("&X24&")",""))) -> Pendência de TACH (2) | Z24: 0
A25: 8306 | B25: ADALBERTO CARAMORI PETRY | C25: 02/05/2001 | D25: SIM | E25: 2 | F25: 2 | G25: Pendência de Agenda - FERIADO | H25: Pendência de TACH - FERIADO | I25: 2 | J25: Pendência de Agenda | K25: Pendência de TACH | L25: 2 | M25: Pendência de Agenda | N25: Pendência de Agenda | O25: 2 | P25: Pendência de Agenda | Q25: Pendência de TACH | U25: =IF(AND(E25>0,OR(F25>0,I25>0,L25>0,O25>0,R25>0)),"Pendencia de Agenda e Cartões","") -> Pendencia de Agenda e Cartões | V25: =IF(OR(H25="Pendência de TACH",K25="Pendência de TACH",N25="Pendência de TACH",Q25="Pendência de TACH"),"Pendência de TACH","") -> Pendência de TACH | W25: =COUNTIF(G25:T25,"Pendência de Agenda") -> 4 | X25: =COUNTIF(G25:T25,"Pendência de TACH") -> 2 | Y25: =IF(AND(U25<>"",V25<>""),U25&" ("&W25&") & "&V25&" ("&X25&")",IF(U25<>"",U25&" ("&W25&")",IF(V25<>"",V25&" ("&X25&")",""))) -> Pendencia de Agenda e Cartões (4) & Pendência de TACH (2) | Z25: 6
A26: 23702 | B26: HUMBERTO MACIEL FRANCA MADEIRA | C26: 01/12/1999 | D26: SIM | E26: 22 | F26: 0 | G26: - | H26: - | I26: 22 | J26: Pendência de Agenda | K26: Pendência de TACH | L26: 22 | M26: Pendência de Agenda | N26: Pendência de Agenda | O26: 22 | P26: Pendência de Agenda | Q26: Sem Pendência de TACH | U26: =IF(AND(E26>0,OR(F26>0,I26>0,L26>0,O26>0,R26>0)),"Pendencia de Agenda e Cartões","") -> Pendencia de Agenda e Cartões | V26: =IF(OR(H26="Pendência de TACH",K26="Pendência de TACH",N26="Pendência de TACH",Q26="Pendência de TACH"),"Pendência de TACH","") -> Pendência de TACH | W26: =COUNTIF(G26:T26,"Pendência de Agenda") -> 4 | X26: =COUNTIF(G26:T26,"Pendência de TACH") -> 1 | Y26: =IF(AND(U26<>"",V26<>""),U26&" ("&W26&") & "&V26&" ("&X26&")",IF(U26<>"",U26&" ("&W26&")",IF(V26<>"",V26&" ("&X26&")",""))) -> Pendencia de Agenda e Cartões (4) & Pendência de TACH (1) | Z26: 66
A27: 90005652 | B27: JULIANA CONCEICAO NOSCHANG DA COSTA | C27: 12/08/2019 | D27: SIM | E27: 36 | F27: 0 | G27: - | H27: - | I27: 3 | J27: Pendência de Agenda | K27: Sem Pendência de TACH | L27: 3 | M27: Pendência de Agenda | N27: Pendência de Agenda | O27: 0 | P27: - | Q27: - | U27: =IF(AND(E27>0,OR(F27>0,I27>0,L27>0,O27>0,R27>0)),"Pendencia de Agenda e Cartões","") -> Pendencia de Agenda e Cartões | V27: =IF(OR(H27="Pendência de TACH",K27="Pendência de TACH",N27="Pendência de TACH",Q27="Pendência de TACH"),"Pendência de TACH","") | W27: =COUNTIF(G27:T27,"Pendência de Agenda") -> 3 | X27: =COUNTIF(G27:T27,"Pendência de TACH") -> 0 | Y27: =IF(AND(U27<>"",V27<>""),U27&" ("&W27&") & "&V27&" ("&X27&")",IF(U27<>"",U27&" ("&W27&")",IF(V27<>"",V27&" ("&X27&")",""))) -> Pendencia de Agenda e Cartões (3) | Z27: 6
A28: 90014322 | B28: CARINA FERNANDA MATTEDI | C28: 01/06/2026 | D28: SIM | E28: 12 | F28: 0 | G28: - | H28: - | I28: 0 | J28: Sem Pendência | K28: Pendência de TACH | L28: 0 | M28: - | N28: - | O28: 0 | P28: - | Q28: - | U28: =IF(AND(E28>0,OR(F28>0,I28>0,L28>0,O28>0,R28>0)),"Pendencia de Agenda e Cartões","") | V28: =IF(OR(H28="Pendência de TACH",K28="Pendência de TACH",N28="Pendência de TACH",Q28="Pendência de TACH"),"Pendência de TACH","") -> Pendência de TACH | W28: =COUNTIF(G28:T28,"Pendência de Agenda") -> 0 | X28: =COUNTIF(G28:T28,"Pendência de TACH") -> 1 | Y28: =IF(AND(U28<>"",V28<>""),U28&" ("&W28&") & "&V28&" ("&X28&")",IF(U28<>"",U28&" ("&W28&")",IF(V28<>"",V28&" ("&X28&")",""))) -> Pendência de TACH (1) | Z28: 0
A29: 90002589 | B29: JOSE EDUARDO NUNES LINO | C29: 15/02/2017 | D29: NÃO | E29: 36 | F29: 0 | G29: - | H29: - | I29: 0 | J29: Sem Pendência | K29: Pendência de TACH | L29: 0 | M29: - | N29: - | O29: 0 | P29: - | Q29: - | U29: =IF(AND(E29>0,OR(F29>0,I29>0,L29>0,O29>0,R29>0)),"Pendencia de Agenda e Cartões","") | V29: =IF(OR(H29="Pendência de TACH",K29="Pendência de TACH",N29="Pendência de TACH",Q29="Pendência de TACH"),"Pendência de TACH","") -> Pendência de TACH | W29: =COUNTIF(G29:T29,"Pendência de Agenda") -> 0 | X29: =COUNTIF(G29:T29,"Pendência de TACH") -> 1 | Y29: =IF(AND(U29<>"",V29<>""),U29&" ("&W29&") & "&V29&" ("&X29&")",IF(U29<>"",U29&" ("&W29&")",IF(V29<>"",V29&" ("&X29&")",""))) -> Pendência de TACH (1) | Z29: 0
A30: 90003767 | B30: MONICA REGINA DE MATOS | C30: 05/03/2018 | D30: SIM | E30: 30 | F30: 0 | G30: - | H30: - | I30: 0 | J30: - | K30: - | L30: 30 | M30: Pendência de Agenda | N30: Pendência de Agenda | O30: 0 | P30: - | Q30: - | U30: =IF(AND(E30>0,OR(F30>0,I30>0,L30>0,O30>0,R30>0)),"Pendencia de Agenda e Cartões","") -> Pendencia de Agenda e Cartões | V30: =IF(OR(H30="Pendência de TACH",K30="Pendência de TACH",N30="Pendência de TACH",Q30="Pendência de TACH"),"Pendência de TACH","") | W30: =COUNTIF(G30:T30,"Pendência de Agenda") -> 2 | X30: =COUNTIF(G30:T30,"Pendência de TACH") -> 0 | Y30: =IF(AND(U30<>"",V30<>""),U30&" ("&W30&") & "&V30&" ("&X30&")",IF(U30<>"",U30&" ("&W30&")",IF(V30<>"",V30&" ("&X30&")",""))) -> Pendencia de Agenda e Cartões (2) | Z30: 30
A31: 90010954 | B31: RUI BOCCHINO MACEDO | C31: 05/02/2024 | D31: SIM | E31: 12 | F31: 0 | G31: - | H31: - | I31: 0 | J31: - | K31: - | L31: 12 | M31: Pendência de Agenda | N31: Pendência de Agenda | O31: 12 | P31: Pendência de Agenda | Q31: Pendência de TACH | U31: =IF(AND(E31>0,OR(F31>0,I31>0,L31>0,O31>0,R31>0)),"Pendencia de Agenda e Cartões","") -> Pendencia de Agenda e Cartões | V31: =IF(OR(H31="Pendência de TACH",K31="Pendência de TACH",N31="Pendência de TACH",Q31="Pendência de TACH"),"Pendência de TACH","") -> Pendência de TACH | W31: =COUNTIF(G31:T31,"Pendência de Agenda") -> 3 | X31: =COUNTIF(G31:T31,"Pendência de TACH") -> 1 | Y31: =IF(AND(U31<>"",V31<>""),U31&" ("&W31&") & "&V31&" ("&X31&")",IF(U31<>"",U31&" ("&W31&")",IF(V31<>"",V31&" ("&X31&")",""))) -> Pendencia de Agenda e Cartões (3) & Pendência de TACH (1) | Z31: 24
A32: 29942 | B32: ALINE TANCLER STIPP | C32: 22/07/2013 | D32: NÃO | E32: 18 | F32: 0 | G32: - | H32: - | I32: 0 | J32: - | K32: - | L32: 0 | M32: Sem Pendência | N32: Sem Pendência | O32: 0 | P32: - | Q32: - | U32: =IF(AND(E32>0,OR(F32>0,I32>0,L32>0,O32>0,R32>0)),"Pendencia de Agenda e Cartões","") | V32: =IF(OR(H32="Pendência de TACH",K32="Pendência de TACH",N32="Pendência de TACH",Q32="Pendência de TACH"),"Pendência de TACH","") | W32: =COUNTIF(G32:T32,"Pendência de Agenda") -> 0 | X32: =COUNTIF(G32:T32,"Pendência de TACH") -> 0 | Y32: =IF(AND(U32<>"",V32<>""),U32&" ("&W32&") & "&V32&" ("&X32&")",IF(U32<>"",U32&" ("&W32&")",IF(V32<>"",V32&" ("&X32&")",""))) | Z32: 0
A33: 20244 | B33: CAMILA AMENT GIULIANI DOS SANTOS FRANCO | C33: 01/05/2009 | D33: NÃO | E33: 34 | F33: 0 | G33: - | H33: - | I33: 0 | J33: - | K33: - | L33: 0 | M33: Sem Pendência | N33: Sem Pendência | O33: 0 | P33: - | Q33: - | U33: =IF(AND(E33>0,OR(F33>0,I33>0,L33>0,O33>0,R33>0)),"Pendencia de Agenda e Cartões","") | V33: =IF(OR(H33="Pendência de TACH",K33="Pendência de TACH",N33="Pendência de TACH",Q33="Pendência de TACH"),"Pendência de TACH","") | W33: =COUNTIF(G33:T33,"Pendência de Agenda") -> 0 | X33: =COUNTIF(G33:T33,"Pendência de TACH") -> 0 | Y33: =IF(AND(U33<>"",V33<>""),U33&" ("&W33&") & "&V33&" ("&X33&")",IF(U33<>"",U33&" ("&W33&")",IF(V33<>"",V33&" ("&X33&")",""))) | Z33: 0
A34: 32701 | B34: RENATA DINARDI BORGES LIBONI | C34: 01/09/2014 | D34: SIM | E34: 19 | F34: 0 | G34: - | H34: - | I34: 0 | J34: - | K34: - | L34: 0 | M34: - | N34: - | O34: 0 | P34: Sem Pendência | Q34: Pendência de TACH | U34: =IF(AND(E34>0,OR(F34>0,I34>0,L34>0,O34>0,R34>0)),"Pendencia de Agenda e Cartões","") | V34: =IF(OR(H34="Pendência de TACH",K34="Pendência de TACH",N34="Pendência de TACH",Q34="Pendência de TACH"),"Pendência de TACH","") -> Pendência de TACH | W34: =COUNTIF(G34:T34,"Pendência de Agenda") -> 0 | X34: =COUNTIF(G34:T34,"Pendência de TACH") -> 1 | Y34: =IF(AND(U34<>"",V34<>""),U34&" ("&W34&") & "&V34&" ("&X34&")",IF(U34<>"",U34&" ("&W34&")",IF(V34<>"",V34&" ("&X34&")",""))) -> Pendência de TACH (1) | Z34: 0
U35: =IF(AND(E35>0,OR(F35>0,I35>0,L35>0,O35>0,R35>0)),"Pendencia de Agenda e Cartões","") | Y35: =IF(AND(U35<>"",V35<>""),U35&" ("&W35&") & "&V35&" ("&X35&")",IF(U35<>"",U35&" ("&W35&")",IF(V35<>"",V35&" ("&X35&")","")))
U36: =IF(AND(E36>0,OR(F36>0,I36>0,L36>0,O36>0,R36>0)),"Pendencia de Agenda e Cartões","") | Y36: =IF(AND(U36<>"",V36<>""),U36&" ("&W36&") & "&V36&" ("&X36&")",IF(U36<>"",U36&" ("&W36&")",IF(V36<>"",V36&" ("&X36&")","")))
U37: =IF(AND(E37>0,OR(F37>0,I37>0,L37>0,O37>0,R37>0)),"Pendencia de Agenda e Cartões","") | Y37: =IF(AND(U37<>"",V37<>""),U37&" ("&W37&") & "&V37&" ("&X37&")",IF(U37<>"",U37&" ("&W37&")",IF(V37<>"",V37&" ("&X37&")","")))
U38: =IF(AND(E38>0,OR(F38>0,I38>0,L38>0,O38>0,R38>0)),"Pendencia de Agenda e Cartões","") | Y38: =IF(AND(U38<>"",V38<>""),U38&" ("&W38&") & "&V38&" ("&X38&")",IF(U38<>"",U38&" ("&W38&")",IF(V38<>"",V38&" ("&X38&")","")))
U39: =IF(AND(E39>0,OR(F39>0,I39>0,L39>0,O39>0,R39>0)),"Pendencia de Agenda e Cartões","") | Y39: =IF(AND(U39<>"",V39<>""),U39&" ("&W39&") & "&V39&" ("&X39&")",IF(U39<>"",U39&" ("&W39&")",IF(V39<>"",V39&" ("&X39&")","")))
U40: =IF(AND(E40>0,OR(F40>0,I40>0,L40>0,O40>0,R40>0)),"Pendencia de Agenda e Cartões","") | Y40: =IF(AND(U40<>"",V40<>""),U40&" ("&W40&") & "&V40&" ("&X40&")",IF(U40<>"",U40&" ("&W40&")",IF(V40<>"",V40&" ("&X40&")","")))
U41: =IF(AND(E41>0,OR(F41>0,I41>0,L41>0,O41>0,R41>0)),"Pendencia de Agenda e Cartões","") | Y41: =IF(AND(U41<>"",V41<>""),U41&" ("&W41&") & "&V41&" ("&X41&")",IF(U41<>"",U41&" ("&W41&")",IF(V41<>"",V41&" ("&X41&")","")))
U42: =IF(AND(E42>0,OR(F42>0,I42>0,L42>0,O42>0,R42>0)),"Pendencia de Agenda e Cartões","") | Y42: =IF(AND(U42<>"",V42<>""),U42&" ("&W42&") & "&V42&" ("&X42&")",IF(U42<>"",U42&" ("&W42&")",IF(V42<>"",V42&" ("&X42&")","")))
U43: =IF(AND(E43>0,OR(F43>0,I43>0,L43>0,O43>0,R43>0)),"Pendencia de Agenda e Cartões","") | Y43: =IF(AND(U43<>"",V43<>""),U43&" ("&W43&") & "&V43&" ("&X43&")",IF(U43<>"",U43&" ("&W43&")",IF(V43<>"",V43&" ("&X43&")","")))
U44: =IF(AND(E44>0,OR(F44>0,I44>0,L44>0,O44>0,R44>0)),"Pendencia de Agenda e Cartões","") | Y44: =IF(AND(U44<>"",V44<>""),U44&" ("&W44&") & "&V44&" ("&X44&")",IF(U44<>"",U44&" ("&W44&")",IF(V44<>"",V44&" ("&X44&")","")))
U45: =IF(AND(E45>0,OR(F45>0,I45>0,L45>0,O45>0,R45>0)),"Pendencia de Agenda e Cartões","") | Y45: =IF(AND(U45<>"",V45<>""),U45&" ("&W45&") & "&V45&" ("&X45&")",IF(U45<>"",U45&" ("&W45&")",IF(V45<>"",V45&" ("&X45&")","")))
U46: =IF(AND(E46>0,OR(F46>0,I46>0,L46>0,O46>0,R46>0)),"Pendencia de Agenda e Cartões","") | Y46: =IF(AND(U46<>"",V46<>""),U46&" ("&W46&") & "&V46&" ("&X46&")",IF(U46<>"",U46&" ("&W46&")",IF(V46<>"",V46&" ("&X46&")","")))
... U57: =IF(AND(E57>0,OR(F57>0,I57>0,L57>0,O57>0,R57>0)),"Pendencia de Agenda e Cartões","") | Y57: =IF(AND(U57<>"",V57<>""),U57&" ("&W57&") & "&V57&" ("&X57&")",IF(U57<>"",U57&" ("&W57&")",IF(V57<>"",V57&" ("&X57&")","")))

Sheet Planilha1
A1: MATRICULA | B1: NOME | C1: CR | D1: CH DESCONTO | E1: OBSERVAÇÃO
A2: 8306 | B2: ADALBERTO CARAMORI PETRY | C2: 4093 | D2: =_xlfn.XLOOKUP(A2,Resultado!A:A,Resultado!Z:Z,1,0) -> 6 | E2: Sem TACH - sem matriz
A3: 31303 | B3: RICARDO BERNARDO DA SILVA | C3: 105237 | D3: =_xlfn.XLOOKUP(A3,Resultado!A:A,Resultado!Z:Z,1,0) -> 84 | E3: TACH criado - sem matriz
A4: 90003306 | B4: HORACIO ALVARENGA MOREIRA | C4: 105237 | D4: =_xlfn.XLOOKUP(A4,Resultado!A:A,Resultado!Z:Z,1,0) -> 16 | E4: TACH criado - sem matriz
A5: 90004950 | B5: MARCO CESAR JORGE DOS SANTOS | C5: 3541 | D5: =_xlfn.XLOOKUP(A5,Resultado!A:A,Resultado!Z:Z,1,0) -> 15 | E5: Sem TACH - sem matriz
A6: 90001409 | B6: LUIZ CARLOS CANTANHEDE FERNANDES JUNIOR | C6: 105237 | D6: =_xlfn.XLOOKUP(A6,Resultado!A:A,Resultado!Z:Z,1,0) -> 60 | E6: Sem TACH - sem matriz
A7: 3363 | B7: MARILENA INDIRA WINTER | C7: 409 | D7: =_xlfn.XLOOKUP(A7,Resultado!A:A,Resultado!Z:Z,1,0) -> 8 | E7: TACH criado - sem matriz
A8: 90010292 | B8: PRISCILA BEATRIZ DE SOUZA MEDEIROS | C8: 105237 | D8: =_xlfn.XLOOKUP(A8,Resultado!A:A,Resultado!Z:Z,1,0) -> 24 | E8: TACH criado - sem matriz
A9: 90005226 | B9: CESAR RIBEIRO ZUCCOLI | C9: 105237 | D9: =_xlfn.XLOOKUP(A9,Resultado!A:A,Resultado!Z:Z,1,0) -> 42 | E9: TACH criado - sem matriz
A10: 90009703 | B10: ANDERSON NITSCHE | C10: 2062 | D10: =_xlfn.XLOOKUP(A10,Resultado!A:A,Resultado!Z:Z,1,0) -> 54 | E10: TACH criado - com matriz
A11: 90013955 | B11: EMILE FERNANDES SPINASSI TEIXEIRA | C11: 3541 | D11: =_xlfn.XLOOKUP(A11,Resultado!A:A,Resultado!Z:Z,1,0) -> 9 | E11: TACH criado - sem matriz
A12: 90013958 | B12: JEFERSON DA COSTA VAZ | C12: 4267 | D12: =_xlfn.XLOOKUP(A12,Resultado!A:A,Resultado!Z:Z,1,0) -> 6 | E12: Sem TACH - sem matriz
